# https://github.com/mikedh/trimesh
v 0.51033580 0.12113882 -0.00482543
v 0.61667585 0.11119542 -0.00581611
v 0.71783322 0.10961352 -0.00641770
v 0.81773472 0.10904150 -0.00690600
v 0.91758764 0.10856873 -0.00719016
v 1.01736474 0.10854926 -0.00726762
v 1.11733115 0.10908585 -0.00693777
v 1.21895504 0.11047140 -0.00615362
v 1.32061613 0.11284827 -0.00593808
v 1.41933501 0.11531660 -0.00503713
v 0.30843148 0.21169828 -0.00525487
v 0.42051825 0.18394026 -0.00658030
v 0.50839549 0.20815343 -0.00886039
v 0.59243596 0.19420525 -0.00901428
v 0.69312340 0.19319518 -0.00962720
v 0.79342735 0.19424635 -0.01014461
v 0.89331311 0.19446094 -0.01043014
v 0.99323434 0.19439156 -0.01053294
v 1.09307230 0.19425189 -0.01046587
v 1.19303071 0.19408643 -0.01010585
v 1.29340684 0.19410303 -0.00955799
v 1.39448619 0.19331750 -0.00922592
v 1.50793052 0.18720195 -0.00716745
v 1.62585402 0.21055293 -0.00612022
v 1.70399296 0.22258432 -0.00355485
v 0.22347045 0.28752899 -0.00523651
v 0.30758116 0.30949226 -0.00877463
v 0.39319706 0.29475659 -0.00951570
v 0.49478653 0.29496437 -0.01024461
v 0.59491026 0.29687500 -0.01068637
v 0.69575554 0.29644391 -0.01099251
v 0.79663110 0.29759949 -0.01127488
v 0.89664316 0.29804265 -0.01141393
v 0.99658728 0.29806319 -0.01144882
v 1.09655523 0.29801673 -0.01141903
v 1.19646633 0.29790312 -0.01129881
v 1.29617417 0.29778776 -0.01102480
v 1.39499998 0.29752585 -0.01069118
v 1.49413335 0.29548445 -0.01028909
v 1.59946299 0.29506540 -0.00945411
v 1.71330857 0.29942983 -0.00653648
v 0.18956095 0.40552849 -0.00652398
v 0.29266128 0.39512005 -0.00946469
v 0.39461061 0.39797258 -0.01056709
v 0.49631399 0.39875489 -0.01116194
v 0.59834164 0.39969420 -0.01147455
v 0.69980568 0.40004054 -0.01162862
v 0.80052185 0.40045831 -0.01172449
v 0.90058059 0.40066510 -0.01175688
v 1.00051224 0.40062892 -0.01174657
v 1.10050082 0.40060365 -0.01171718
v 1.20050693 0.40060633 -0.01166214
v 1.30044818 0.40060803 -0.01154018
v 1.39992189 0.40057296 -0.01129948
v 1.49852538 0.40014398 -0.01093697
v 1.59867454 0.39952445 -0.01040627
v 1.70332360 0.40097648 -0.00926572
v 1.79215872 0.40405303 -0.00514938
v 0.12455522 0.49221477 -0.00447973
v 0.20716450 0.51243466 -0.00888309
v 0.29368341 0.49799663 -0.01027982
v 0.39760265 0.49831149 -0.01116491
v 0.49986491 0.50012845 -0.01154777
v 0.60054886 0.50068867 -0.01173945
v 0.70075822 0.50067431 -0.01181838
v 0.80082005 0.50061888 -0.01184936
v 0.90075755 0.50059521 -0.01185557
v 1.00068414 0.50053263 -0.01184570
v 1.10066628 0.50049835 -0.01182794
v 1.20067692 0.50050533 -0.01179675
v 1.30066586 0.50051033 -0.01172750
v 1.40045631 0.50039232 -0.01157256
v 1.49996316 0.50004637 -0.01130303
v 1.60076630 0.50041646 -0.01093588
v 1.70457828 0.50392193 -0.01017671
v 1.79702401 0.50490439 -0.00694446
v 0.11268178 0.59673029 -0.00538603
v 0.19330609 0.59746015 -0.00892564
v 0.29600370 0.59885061 -0.01073432
v 0.39949849 0.59904164 -0.01149583
v 0.50093126 0.60026109 -0.01174273
v 0.60084271 0.60049540 -0.01182678
v 0.70054507 0.60035396 -0.01186729
v 0.80033892 0.60022509 -0.01188581
v 0.90022355 0.60015845 -0.01189283
v 1.00016892 0.60011971 -0.01189244
v 1.10015655 0.60010195 -0.01188590
v 1.20016420 0.60010666 -0.01186827
v 1.30014479 0.60010237 -0.01182081
v 1.39993632 0.59994113 -0.01170849
v 1.49950409 0.59945774 -0.01152878
v 1.60039556 0.59974712 -0.01135776
v 1.70475864 0.60394669 -0.01086870
v 1.80139542 0.60733867 -0.00780571
v 0.11100695 0.69791037 -0.00597629
v 0.19268483 0.69882792 -0.00952052
v 0.29606971 0.69930470 -0.01102580
v 0.40010479 0.69971591 -0.01165132
v 0.50087327 0.70019478 -0.01182240
v 0.60051674 0.70026934 -0.01186735
v 0.70020527 0.70012063 -0.01189362
v 0.80006927 0.70003355 -0.01191050
v 0.90001380 0.70000327 -0.01191913
v 0.99999356 0.69999260 -0.01192195
v 1.09999251 0.69999093 -0.01191958
v 1.20000076 0.69999897 -0.01190808
v 1.29997933 0.69999361 -0.01187143
v 1.39976764 0.69982880 -0.01177970
v 1.49928117 0.69931531 -0.01164841
v 1.59990287 0.69948846 -0.01160834
v 1.70418358 0.70351118 -0.01134360
v 1.80344474 0.70722950 -0.00834312
v 0.10973303 0.80006474 -0.00685946
v 0.19391830 0.80019969 -0.01016440
v 0.29740202 0.80025893 -0.01131386
v 0.40054220 0.80019498 -0.01174484
v 0.50073516 0.80017489 -0.01185283
v 0.60028172 0.80013001 -0.01188544
v 0.70004737 0.80003977 -0.01191026
v 0.79998773 0.79999268 -0.01192666
v 0.89998025 0.79998434 -0.01193464
v 0.99998188 0.79998589 -0.01193717
v 1.09998751 0.79998988 -0.01193532
v 1.19999552 0.79999930 -0.01192590
v 1.29997027 0.79999411 -0.01189470
v 1.39976001 0.79983050 -0.01181448
v 1.49927676 0.79931867 -0.01170788
v 1.59977508 0.79947656 -0.01173546
v 1.70389426 0.80340767 -0.01160904
v 1.80456305 0.80692720 -0.00867015
v 0.10878392 0.90036333 -0.00723835
v 0.19424409 0.90032166 -0.01048924
v 0.29791385 0.90026599 -0.01145044
v 0.40071079 0.90018576 -0.01177074
v 0.50065601 0.90010923 -0.01185781
v 0.60017902 0.90005052 -0.01189233
v 0.70000261 0.90000892 -0.01191881
v 0.79997915 0.89999068 -0.01193458
v 0.89998537 0.89998978 -0.01194135
v 0.99999171 0.89999300 -0.01194297
v 1.09999883 0.89999753 -0.01194070
v 1.20000541 0.90000701 -0.01193169
v 1.29997075 0.90000176 -0.01190335
v 1.39975011 0.89983839 -0.01183077
v 1.49930131 0.89932805 -0.01173671
v 1.59982657 0.89948845 -0.01178963
v 1.70381427 0.90341264 -0.01172691
v 1.80502176 0.90686888 -0.00884012
v 0.10847455 1.00008583 -0.00721821
v 0.19434485 1.00008440 -0.01053195
v 0.29800922 1.00007129 -0.01146152
v 0.40065178 1.00004709 -0.01175202
v 0.50056541 1.00002480 -0.01184622
v 0.60013032 1.00000751 -0.01189194
v 0.69999290 0.99999642 -0.01192168
v 0.79998523 0.99999303 -0.01193710
v 0.89999354 0.99999470 -0.01194296
v 0.99999946 0.99999785 -0.01194378
v 1.10000682 1.00000226 -0.01194070
v 1.20000994 1.00001085 -0.01193113
v 1.29995620 1.00000381 -0.01190447
v 1.39971006 0.99983877 -0.01183829
v 1.49931765 0.99932832 -0.01174888
v 1.60000122 0.99949080 -0.01179300
v 1.70384765 1.00341821 -0.01173180
v 1.80469918 1.00687313 -0.00888062
v 0.10863849 1.09988856 -0.00699278
v 0.19436367 1.09995699 -0.01040626
v 0.29803371 1.09999526 -0.01140558
v 0.40061328 1.10000026 -0.01171704
v 0.50051653 1.09999788 -0.01182779
v 0.60011142 1.09999692 -0.01188554
v 0.69999540 1.09999704 -0.01191940
v 0.79999393 1.09999835 -0.01193527
v 0.90000242 1.10000098 -0.01194069
v 1.00000799 1.10000420 -0.01194069
v 1.10001326 1.10000706 -0.01193636
v 1.20000398 1.10000849 -0.01192562
v 1.29990947 1.09998941 -0.01190070
v 1.39960754 1.09981382 -0.01184171
v 1.49929166 1.09930134 -0.01175000
v 1.60027909 1.09946859 -0.01174939
v 1.70398211 1.10340309 -0.01162815
v 1.80355573 1.10686672 -0.00879875
v 0.10947559 1.19990897 -0.00663146
v 0.19429910 1.19985032 -0.01009646
v 0.29793733 1.19994760 -0.01126431
v 0.40056649 1.19999623 -0.01165675
v 0.50048453 1.20000422 -0.01179677
v 0.60009092 1.20000517 -0.01186823
v 0.69998175 1.20000625 -0.01190800
v 0.79998165 1.20000744 -0.01192588
v 0.89998984 1.20000911 -0.01193167
v 0.99999428 1.20001018 -0.01193108
v 1.09999228 1.20000303 -0.01192556
v 1.19995177 1.19997740 -0.01191417
v 1.29978240 1.19992054 -0.01189235
v 1.39939642 1.19972396 -0.01184138
v 1.49919295 1.19921577 -0.01173666
v 1.60064101 1.19939804 -0.01164445
v 1.70419383 1.20334804 -0.01139117
v 1.80155230 1.20682156 -0.00857648
v 0.11171243 1.30115056 -0.00633545
v 0.19456556 1.29999113 -0.00967322
v 0.29775465 1.29979277 -0.01099613
v 0.40035477 1.29990101 -0.01152955
v 0.50030869 1.29995978 -0.01172726
v 0.59993172 1.29997718 -0.01182109
v 0.69982576 1.29998422 -0.01187147
v 0.79982549 1.29998612 -0.01189469
v 0.89983308 1.29998350 -0.01190331
v 0.99983662 1.29997206 -0.01190434
v 1.09982347 1.29993379 -0.01190048
v 1.19974458 1.29984653 -0.01189219
v 1.29950833 1.29972363 -0.01187563
v 1.39913690 1.29956734 -0.01182544
v 1.49930179 1.29920137 -0.01167679
v 1.60148346 1.29944575 -0.01142010
v 1.70468771 1.30338621 -0.01094618
v 1.79858911 1.30684876 -0.00815513
v 0.11327950 1.40022743 -0.00503050
v 0.19444968 1.40067828 -0.00917866
v 0.29794365 1.39958477 -0.01064270
v 0.40013692 1.39952517 -0.01128702
v 0.49994332 1.39966071 -0.01157299
v 0.59957653 1.39973259 -0.01170928
v 0.69948071 1.39976406 -0.01177987
v 0.79948145 1.39977527 -0.01181449
v 0.89948910 1.39976895 -0.01183070
v 0.99949247 1.39973938 -0.01183803
v 1.09947360 1.39965653 -0.01184127
v 1.19937623 1.39949894 -0.01184141
v 1.29918885 1.39937389 -0.01182666
v 1.39917946 1.39949179 -0.01175262
v 1.50028956 1.39968812 -0.01150140
v 1.60382056 1.40019655 -0.01097415
v 1.70649683 1.40387523 -0.01017723
v 1.79493403 1.40723872 -0.00745542
v 0.18474491 1.50048208 -0.00709133
v 0.29819930 1.49994707 -0.01011836
v 0.40140623 1.49936843 -0.01090199
v 0.50074166 1.49931037 -0.01130386
v 0.60024202 1.49932003 -0.01153087
v 0.70015264 1.49931049 -0.01164903
v 0.80015916 1.49929643 -0.01170797
v 0.90016741 1.49928474 -0.01173661
v 1.00017238 1.49927044 -0.01174843
v 1.10015702 1.49921954 -0.01174931
v 1.20005715 1.49912167 -0.01173798
v 1.29996312 1.49926591 -0.01168367
v 1.40048182 1.50010133 -0.01151162
v 1.50276685 1.50146842 -0.01109652
v 1.60633194 1.50121593 -0.01029997
v 1.70759225 1.50420344 -0.00909851
v 1.79044390 1.50705004 -0.00648472
v 0.20035574 1.60286903 -0.00621576
v 0.29917502 1.60322845 -0.00928498
v 0.40523690 1.60202825 -0.01031811
v 0.50487757 1.60110211 -0.01091879
v 0.60406381 1.60051680 -0.01135713
v 0.70390332 1.60013533 -0.01160967
v 0.80391079 1.59989893 -0.01173598
v 0.90392113 1.59979331 -0.01178958
v 1.00392771 1.59981191 -0.01179236
v 1.10391915 1.59992850 -0.01174835
v 1.20381260 1.60013664 -0.01164805
v 1.30364180 1.60082364 -0.01143917
v 1.40418124 1.60271466 -0.01100327
v 1.50536215 1.60403740 -0.01031763
v 1.60704601 1.60443926 -0.00926815
v 1.69328058 1.59075189 -0.00824430
v 1.77311289 1.61082125 -0.00495872
v 0.19997162 1.67401516 -0.00420192
v 0.28760284 1.70516038 -0.00668650
v 0.40096316 1.70539582 -0.00918324
v 0.50403130 1.70508230 -0.01011907
v 0.60360813 1.70452416 -0.01083733
v 0.70332521 1.70412266 -0.01133845
v 0.80329293 1.70390356 -0.01161003
v 0.90329987 1.70381951 -0.01172726
v 1.00330722 1.70384574 -0.01173121
v 1.10330164 1.70396721 -0.01162688
v 1.20319271 1.70417786 -0.01139675
v 1.30288589 1.70473480 -0.01098206
v 1.40305364 1.70639241 -0.01022929
v 1.50428617 1.70674157 -0.00907335
v 1.59158957 1.69250524 -0.00818666
v 1.68718517 1.70297563 -0.00504362
v 0.37482691 1.78377843 -0.00530956
v 0.47493014 1.79176033 -0.00708839
v 0.57564294 1.79690468 -0.00773291
v 0.67559713 1.80030763 -0.00829483
v 0.77551311 1.80268466 -0.00866314
v 0.87549609 1.80423200 -0.00884068
v 0.97549993 1.80496466 -0.00888066
v 1.07549381 1.80488014 -0.00879823
v 1.17539263 1.80398440 -0.00858337
v 1.27509177 1.80233693 -0.00820523
v 1.37521636 1.80017972 -0.00754315
v 1.47776484 1.79665339 -0.00634330
v 1.58635235 1.78307891 -0.00455561
v 2.41035914 2.21791101 -0.00493686
v 2.51701808 2.20431018 -0.00647603
v 2.61784697 2.20088434 -0.00745324
v 2.71771097 2.19847465 -0.00815419
v 2.81761885 2.19646859 -0.00857585
v 2.91761470 2.19528890 -0.00879807
v 3.01761961 2.19495964 -0.00888520
v 3.11757064 2.19543815 -0.00887716
v 3.21735740 2.19667959 -0.00874860
v 3.31731057 2.19875455 -0.00825023
v 3.41868496 2.20195317 -0.00728877
v 3.52036333 2.20651817 -0.00670597
v 3.62194729 2.21494555 -0.00493788
v 2.31171823 2.29736280 -0.00510403
v 2.40717864 2.30765605 -0.00824404
v 2.49293280 2.29377842 -0.00909238
v 2.59327507 2.29418063 -0.01017616
v 2.69340897 2.29569554 -0.01094619
v 2.79329562 2.29607248 -0.01139107
v 2.89326882 2.29615068 -0.01162764
v 2.99327469 2.29616547 -0.01173059
v 3.09327769 2.29608679 -0.01172955
v 3.19323468 2.29589105 -0.01163561
v 3.29305053 2.29553866 -0.01139966
v 3.39277554 2.29495859 -0.01085209
v 3.49284029 2.29403734 -0.01001976
v 3.59660435 2.29361963 -0.00914526
v 3.71298933 2.29677868 -0.00654618
v 3.80073285 2.32660413 -0.00383241
v 2.22605681 2.39100981 -0.00441061
v 2.30679202 2.40940428 -0.00813755
v 2.39325190 2.39524913 -0.00927485
v 2.49487495 2.39580655 -0.01029952
v 2.59598041 2.39722562 -0.01097337
v 2.69664741 2.39911342 -0.01142017
v 2.79662418 2.39979124 -0.01164453
v 2.89657402 2.40001416 -0.01174931
v 2.99657059 2.40015459 -0.01179254
v 3.09657621 2.40019727 -0.01178854
v 3.19658518 2.40011811 -0.01173667
v 3.29655695 2.39991188 -0.01162315
v 3.39629507 2.39952922 -0.01138996
v 3.49535322 2.39876270 -0.01095324
v 3.59477997 2.39757395 -0.01039944
v 3.70084143 2.39762974 -0.00954826
v 3.79956269 2.39802551 -0.00637519
v 2.20833182 2.49643683 -0.00594159
v 2.29210973 2.49713969 -0.00891377
v 2.39395595 2.49845457 -0.01031876
v 2.49759197 2.49827409 -0.01110423
v 2.59995341 2.49977350 -0.01150210
v 2.70058680 2.50062919 -0.01167674
v 2.80057216 2.50078321 -0.01173669
v 2.90049887 2.50070786 -0.01175001
v 3.00048375 2.50068283 -0.01174881
v 3.10048652 2.50069451 -0.01173640
v 3.20049667 2.50070906 -0.01170714
v 3.30050349 2.50072789 -0.01164867
v 3.40039802 2.50073481 -0.01153440
v 3.49983573 2.50059319 -0.01131245
v 3.59901905 2.50013781 -0.01093167
v 3.70209336 2.50028038 -0.01027434
v 3.81588221 2.50293398 -0.00736217
v 2.20401096 2.59799647 -0.00705157
v 2.29288626 2.59899306 -0.01007953
v 2.39626479 2.59961033 -0.01101063
v 2.49983978 2.59999061 -0.01152788
v 2.60091639 2.60042334 -0.01175576
v 2.70092773 2.60059047 -0.01182542
v 2.80076361 2.60046554 -0.01184132
v 2.90067315 2.60031199 -0.01184171
v 3.00065255 2.60023522 -0.01183829
v 3.10065365 2.60021186 -0.01183073
v 3.20066166 2.60021424 -0.01181431
v 3.30066371 2.60023832 -0.01177937
v 3.40056944 2.60026884 -0.01170841
v 3.50019312 2.60017824 -0.01157138
v 3.59995365 2.59983087 -0.01128711
v 3.70211172 2.60011911 -0.01067362
v 3.80587029 2.60277057 -0.00922796
v 3.88741636 2.60457778 -0.00479960
v 2.20032692 2.70011210 -0.00814228
v 2.29471326 2.70027709 -0.01098440
v 2.39854813 2.70037913 -0.01147022
v 2.50077963 2.70034480 -0.01170311
v 2.60086799 2.70032406 -0.01183102
v 2.70047450 2.70026326 -0.01187567
v 2.80023837 2.70014167 -0.01189219
v 2.90015912 2.70005202 -0.01190067
v 3.00014400 2.70001340 -0.01190446
v 3.10014606 2.70000172 -0.01190334
v 3.20015335 2.70000196 -0.01189469
v 3.30015373 2.70001197 -0.01187141
v 3.40004849 2.70001197 -0.01182088
v 3.49967051 2.69986343 -0.01172650
v 3.59960771 2.69941521 -0.01152843
v 3.70220232 2.69976187 -0.01100635
v 3.80558252 2.70358372 -0.00970838
v 3.88864255 2.70472097 -0.00614589
v 2.19761157 2.80037498 -0.00866724
v 2.29535365 2.80033422 -0.01145701
v 2.39939904 2.80028033 -0.01168314
v 2.50088668 2.80020094 -0.01175229
v 2.60060930 2.80012679 -0.01184444
v 2.70019579 2.80006599 -0.01189208
v 2.80002356 2.80001450 -0.01191396
v 2.89998221 2.79998422 -0.01192557
v 2.99997926 2.79997563 -0.01193112
v 3.09998298 2.79997659 -0.01193169
v 3.19999170 2.79998064 -0.01192590
v 3.29999137 2.79998946 -0.01190809
v 3.39988208 2.79998302 -0.01186843
v 3.49949050 2.79981804 -0.01179702
v 3.59940362 2.79931331 -0.01165678
v 3.70202661 2.79954195 -0.01126768
v 3.80577636 2.80369115 -0.01012796
v 3.89081335 2.80713868 -0.00669896
v 2.19596076 2.90009713 -0.00883554
v 2.29573750 2.90007877 -0.01165320
v 2.39976382 2.90006185 -0.01176273
v 2.50077415 2.90003681 -0.01175453
v 2.60039902 2.90001392 -0.01184198
v 2.70007372 2.89999604 -0.01190013
v 2.79997730 2.89998484 -0.01192534
v 2.89996862 2.89998007 -0.01193631
v 2.99997354 2.89998102 -0.01194069
v 3.09997940 2.89998412 -0.01194070
v 3.19998765 2.89998889 -0.01193532
v 3.29998612 2.89999747 -0.01191958
v 3.39986992 2.89999032 -0.01188598
v 3.49946952 2.89982510 -0.01182837
v 3.59938073 2.89931202 -0.01171699
v 3.70195270 2.89947844 -0.01140404
v 3.80563807 2.90347552 -0.01040964
v 3.89149451 2.90716887 -0.00703675
v 2.19510031 2.99998760 -0.00888580
v 2.29600334 2.99997950 -0.01173383
v 2.40002489 2.99998522 -0.01179333
v 2.50072384 2.99998426 -0.01174831
v 2.60029125 2.99998331 -0.01183752
v 2.70002747 2.99998260 -0.01190395
v 2.79997277 2.99998355 -0.01193092
v 2.89997721 2.99998474 -0.01194065
v 2.99998426 2.99998736 -0.01194377
v 3.09999037 2.99999022 -0.01194298
v 3.19999909 2.99999380 -0.01193718
v 3.29999042 2.99999690 -0.01192196
v 3.39985323 2.99997878 -0.01189246
v 3.49942684 2.99980354 -0.01184589
v 3.59935975 2.99928999 -0.01174730
v 3.70199132 2.99945545 -0.01144728
v 3.80557775 3.00339270 -0.01050535
v 3.89145660 3.00690770 -0.00718879
v 2.19502163 3.09998202 -0.00884073
v 2.29614401 3.09997487 -0.01172629
v 2.40017509 3.09998226 -0.01178850
v 2.50071311 3.09998441 -0.01173580
v 2.60024381 3.09998584 -0.01183021
v 2.70001316 3.09998703 -0.01190307
v 2.79997778 3.09998798 -0.01193158
v 2.89998507 3.09998989 -0.01194067
v 2.99999237 3.09999228 -0.01194297
v 3.09999824 3.09999537 -0.01194137
v 3.20000458 3.09999585 -0.01193468
v 3.29998040 3.09998298 -0.01191917
v 3.39980483 3.09993482 -0.01189287
v 3.49934053 3.09973574 -0.01185564
v 3.59931707 3.09921741 -0.01175718
v 3.70209789 3.09939170 -0.01141475
v 3.80559325 3.10333872 -0.01042668
v 3.89094734 3.10681224 -0.00715277
v 2.19573402 3.19996953 -0.00866325
v 2.29616618 3.19998384 -0.01160983
v 2.40020061 3.19999504 -0.01173560
v 2.50071049 3.19999623 -0.01170767
v 2.60022593 3.19999552 -0.01181431
v 2.70001078 3.19999599 -0.01189462
v 2.79998565 3.19999695 -0.01192587
v 2.89999437 3.19999838 -0.01193530
v 2.99999976 3.19999981 -0.01193717
v 3.10000134 3.20000100 -0.01193467
v 3.19999409 3.19999433 -0.01192678
v 3.29993391 3.19995046 -0.01191062
v 3.39970303 3.19985151 -0.01188592
v 3.49926829 3.19968939 -0.01184945
v 3.59950614 3.19929576 -0.01172457
v 3.70263481 3.19949245 -0.01127508
v 3.80587173 3.20339012 -0.01014512
v 3.88989663 3.20684004 -0.00690147
v 2.19716573 3.29983068 -0.00829472
v 2.29599190 3.29992247 -0.01133869
v 2.40004516 3.29998446 -0.01160970
v 2.50067496 3.29999804 -0.01164900
v 2.60020423 3.29999709 -0.01177985
v 2.69999433 3.29999661 -0.01187149
v 2.79997277 3.29999709 -0.01190809
v 2.89998126 3.29999733 -0.01191956
v 2.99998045 3.29999352 -0.01192191
v 3.09996128 3.29998326 -0.01191906
v 3.19990706 3.29995418 -0.01191039
v 3.29977489 3.29986691 -0.01189345
v 3.39947486 3.29970074 -0.01186688
v 3.49914551 3.29967904 -0.01181802
v 3.59996605 3.29986501 -0.01162846
v 3.70399785 3.30041718 -0.01099230
v 3.80706716 3.30399370 -0.00962706
v 3.88860250 3.30723953 -0.00641885
v 2.19957685 3.39973474 -0.00773218
v 2.29561043 3.39963722 -0.01083780
v 2.39956665 3.39976335 -0.01135731
v 2.50044608 3.39985871 -0.01153091
v 2.60003972 3.39988422 -0.01170931
v 2.69983602 3.39988756 -0.01182119
v 2.79981589 3.39988947 -0.01186846
v 2.89982390 3.39988565 -0.01188589
v 2.99981236 3.39986563 -0.01189229
v 3.09975910 3.39982700 -0.01189254
v 3.19964528 3.39976096 -0.01188505
v 3.29944921 3.39962816 -0.01186543
v 3.39917827 3.39945745 -0.01182303
v 3.49913073 3.39961028 -0.01173539
v 3.60057449 3.40071011 -0.01147223
v 3.70402431 3.40098929 -0.01068569
v 3.80638695 3.40439677 -0.00901412
v 3.88644457 3.40720296 -0.00581779
v 2.20420098 3.50109100 -0.00708690
v 2.29607630 3.49977183 -0.01011986
v 2.39934373 3.49922585 -0.01091912
v 2.50014067 3.49931479 -0.01130391
v 2.59968376 3.49945045 -0.01157304
v 2.69947863 3.49948645 -0.01172744
v 2.79946876 3.49949312 -0.01179722
v 2.89948010 3.49948788 -0.01182820
v 2.99946189 3.49944735 -0.01184555
v 3.09938192 3.49938130 -0.01185539
v 3.19930577 3.49935508 -0.01184873
v 3.29935884 3.49929237 -0.01181618
v 3.39958215 3.49924350 -0.01173413
v 3.50029945 3.49972749 -0.01153836
v 3.60249305 3.50161719 -0.01115494
v 3.70612645 3.50246191 -0.01024283
v 3.79239297 3.48903537 -0.00886129
v 3.87468624 3.51080346 -0.00483039
v 2.20934105 3.60071588 -0.00530791
v 2.29723978 3.60234237 -0.00918479
v 2.40123963 3.60018134 -0.01031892
v 2.50174665 3.59927583 -0.01090219
v 2.60064793 3.59933281 -0.01128711
v 2.70017076 3.59942698 -0.01152985
v 2.80013466 3.59941006 -0.01165749
v 2.90015745 3.59938693 -0.01171696
v 3.00014520 3.59934330 -0.01174685
v 3.10004926 3.59929228 -0.01175822
v 3.20004511 3.59948635 -0.01172809
v 3.30068612 3.59988880 -0.01163335
v 3.40205359 3.60021019 -0.01148770
v 3.50391746 3.60111928 -0.01118045
v 3.60542321 3.60200906 -0.01059212
v 3.70682406 3.60568237 -0.00952428
v 3.81009507 3.59522653 -0.00658334
v 2.28612256 3.70229840 -0.00668906
v 2.39872384 3.70423818 -0.00928637
v 2.50476575 3.70362830 -0.01011906
v 2.60508180 3.70230865 -0.01064325
v 2.70418143 3.70226908 -0.01099681
v 2.80391693 3.70212626 -0.01126550
v 2.90390944 3.70198154 -0.01140448
v 3.00390649 3.70191741 -0.01144715
v 3.10379839 3.70192623 -0.01141861
v 3.20368195 3.70236301 -0.01129026
v 3.30448174 3.70350218 -0.01101097
v 3.40537715 3.70303965 -0.01071989
v 3.50510740 3.70498371 -0.01034223
v 3.60606766 3.70543718 -0.00961841
v 3.69143510 3.69117379 -0.00888730
v 3.77484083 3.71360993 -0.00522545
v 2.29388309 3.77562523 -0.00420384
v 2.37338996 3.78926778 -0.00621516
v 2.49035025 3.81214094 -0.00709091
v 2.60231709 3.80589485 -0.00918027
v 2.70359874 3.80564070 -0.00967496
v 2.80341983 3.80576491 -0.01009840
v 2.90331674 3.80564141 -0.01040412
v 3.00329161 3.80557466 -0.01050598
v 3.10318160 3.80558634 -0.01043377
v 3.20289254 3.80589151 -0.01017871
v 3.30328059 3.80699778 -0.00966449
v 3.40481520 3.80599284 -0.00900123
v 3.48996568 3.79198384 -0.00891361
v 3.57712579 3.81633735 -0.00658612
v 3.69072127 3.78892446 -0.00530662
v 2.57577968 3.88347793 -0.00503293
v 2.67467999 3.88631964 -0.00633922
v 2.77548099 3.88915205 -0.00663432
v 2.87557530 3.89060307 -0.00698959
v 2.97550440 3.89128900 -0.00718249
v 3.07538843 3.89147043 -0.00716138
v 3.17509222 3.89120197 -0.00695115
v 3.27528429 3.89073992 -0.00649152
v 3.37815356 3.88914037 -0.00565524
v 3.48577261 3.87953305 -0.00463631
v 0.50989461 0.08554558 0.00744442
v 0.59305328 0.07774750 0.00364433
v 0.69310653 0.07114076 0.00337361
v 0.79343671 0.06775506 0.00324950
v 0.89328575 0.06592941 0.00304005
v 0.99302995 0.06560979 0.00290992
v 1.09281313 0.06694278 0.00314603
v 1.19450223 0.07032215 0.00398917
v 1.29761839 0.07583162 0.00368746
v 1.38055849 0.08260998 0.00072305
v 0.30538088 0.15949504 0.00739906
v 0.44815397 0.10815121 0.00068214
v 0.38414773 0.13205451 0.00335663
v 1.45687580 0.09040481 0.00718919
v 1.51083827 0.11724433 0.00367406
v 1.59848928 0.15487583 0.00339824
v 1.67368412 0.18228471 0.00108609
v 0.23966359 0.20720813 0.00060926
v 0.19310129 0.24677210 0.00734733
v 1.72202158 0.20732020 0.00595861
v 0.16331345 0.31560859 0.00086361
v 1.76188588 0.26878646 0.00593396
v 1.79376543 0.33592671 0.00031018
v 0.12699994 0.39029038 0.00370218
v 0.09604886 0.45681575 0.00821220
v 1.82789481 0.39268479 0.00527736
v 0.08498497 0.52128661 0.00135747
v 1.84280717 0.47738162 0.00388632
v 0.07858514 0.59699094 0.00385893
v 1.85675144 0.58152813 0.00286210
v 0.07304076 0.69743991 0.00403306
v 1.86617649 0.68334061 0.00244395
v 0.06845056 0.80015749 0.00317878
v 1.87202013 0.78312302 0.00231707
v 0.06607938 0.90050513 0.00291059
v 1.87533534 0.88290823 0.00225123
v 0.06553450 1.00020206 0.00300148
v 1.87620437 0.98287398 0.00221999
v 0.06654716 1.09995759 0.00316237
v 1.87455583 1.08287370 0.00223440
v 0.06956705 1.20040059 0.00314927
v 1.87034488 1.18284094 0.00230220
v 0.07542281 1.30293262 0.00323544
v 1.86340344 1.28280818 0.00244539
v 0.08264141 1.39971328 0.00719958
v 0.10668889 1.46705794 0.00038870
v 1.85328555 1.38321173 0.00269027
v 0.12525328 1.52518237 0.00304078
v 1.83983278 1.48320270 0.00292842
v 0.14607251 1.60139537 0.00350181
v 1.82281828 1.57433164 0.00331850
v 1.79927981 1.64377701 0.00682360
v 0.17742731 1.67892492 0.00721172
v 0.23310187 1.73195791 0.00286819
v 0.29828107 1.77397180 0.00017641
v 1.75912988 1.69146276 0.00078109
v 1.70321155 1.75209725 0.00740497
v 0.33942530 1.80934441 0.00703870
v 0.42432693 1.83033466 0.00291286
v 0.52322674 1.84695196 0.00262769
v 0.62374306 1.85895550 0.00255598
v 0.72374290 1.86728632 0.00236799
v 0.82368463 1.87278283 0.00225766
v 0.92367584 1.87569666 0.00221981
v 1.02366948 1.87607574 0.00223381
v 1.12358201 1.87394893 0.00229521
v 1.22335207 1.86929977 0.00239430
v 1.32368636 1.86182296 0.00256808
v 1.42616248 1.85083115 0.00310729
v 1.52620733 1.83588767 0.00430724
v 1.64739716 1.78980875 0.00150811
v 1.59730828 1.82141459 0.00581503
v 2.41108108 2.17734456 0.00689051
v 2.49343085 2.16021180 0.00334615
v 2.59313202 2.14609170 0.00293782
v 2.69340968 2.13653278 0.00269440
v 2.79330635 2.12969518 0.00244719
v 2.89327240 2.12544489 0.00230249
v 2.99327612 2.12378502 0.00222856
v 3.09323573 2.12465572 0.00217929
v 3.19301653 2.12800288 0.00216025
v 3.29285812 2.13395953 0.00246519
v 3.39450765 2.14324832 0.00333817
v 3.49688339 2.15617943 0.00307367
v 3.57948947 2.17107654 0.00039640
v 2.34975529 2.21130323 0.00076657
v 2.29591513 2.24809337 0.00699756
v 3.65727592 2.18883586 0.00782794
v 3.71310139 2.23193884 0.00363678
v 3.77498436 2.27825928 0.00102156
v 2.24070311 2.30912542 0.00135223
v 2.19925714 2.35784864 0.00783360
v 3.81816339 2.30992532 0.00596524
v 2.17838907 2.42066455 0.00148251
v 3.84446073 2.37599778 0.00396710
v 2.16387892 2.49702668 0.00352072
v 3.87466526 2.46976781 0.00485573
v 3.89424729 2.53769565 0.00029660
v 2.14975643 2.59750414 0.00340838
v 3.91699815 2.59100795 0.00557589
v 2.13822365 2.70017982 0.00250786
v 3.92313027 2.67647505 0.00430194
v 2.13063622 2.80051780 0.00219939
v 3.92945170 2.78143430 0.00339587
v 2.12602258 2.90025163 0.00219270
v 3.93309188 2.88334227 0.00305531
v 2.12390494 3.00015187 0.00221301
v 3.93439412 2.98310184 0.00299043
v 2.12428141 3.10014343 0.00225691
v 3.93408012 3.08286238 0.00299850
v 2.12715912 3.20008826 0.00236875
v 3.93213654 3.18280268 0.00307803
v 2.13254952 3.29990625 0.00255907
v 3.92836356 3.28319073 0.00325188
v 2.14104509 3.40030169 0.00263450
v 3.92277479 3.38321662 0.00336876
v 2.15396357 3.50251174 0.00292269
v 3.91458225 3.47479939 0.00363818
v 3.90311003 3.54660797 0.00742823
v 2.17037106 3.59827113 0.00704974
v 2.20755625 3.66797590 0.00017816
v 3.87658191 3.59764481 0.00066495
v 2.23479438 3.72551441 0.00286711
v 3.84235406 3.67562532 0.00339749
v 3.80456567 3.75422549 0.00777502
v 2.26880050 3.78086996 0.00721140
v 2.33407807 3.82236528 0.00350328
v 2.42399693 3.85495472 0.00304451
v 2.50006652 3.88444448 0.00039074
v 3.62254143 3.86615062 0.00587022
v 3.75880837 3.79442668 0.00053686
v 3.70789719 3.83460665 0.00505858
v 2.53834128 3.90856194 0.00719676
v 2.62324953 3.91753888 0.00322936
v 2.72300076 3.92549419 0.00314405
v 2.82374215 3.93062162 0.00316507
v 2.92373133 3.93338394 0.00303923
v 3.02358890 3.93443012 0.00299748
v 3.12335896 3.93388367 0.00302804
v 3.22368455 3.93163657 0.00314161
v 3.32623768 3.92742133 0.00360352
v 3.42658305 3.92069983 0.00463760
v 3.54785061 3.89258885 0.00088315
v 3.49782038 3.91471148 0.00587452
v 0.51430583 0.08789872 0.02992565
v 0.59603190 0.07721317 0.02343966
v 0.69525486 0.06823146 0.02308269
v 0.79658836 0.06258466 0.02352995
v 0.89664453 0.05966903 0.02355361
v 0.99638093 0.05893947 0.02348408
v 1.09607375 0.06043364 0.02369511
v 1.19723439 0.06463859 0.02456906
v 1.30147386 0.07195306 0.02398784
v 1.39647067 0.08019432 0.01717285
v 0.31034818 0.15613440 0.03012788
v 0.45159662 0.09694395 0.01680217
v 0.38808289 0.12033390 0.02364819
v 1.47140074 0.09308616 0.03000898
v 1.52417362 0.10684635 0.02438401
v 1.60065293 0.13778335 0.02410136
v 1.67986321 0.17513390 0.01767047
v 0.24113412 0.19454288 0.01717230
v 0.19606848 0.24230586 0.03022932
v 1.73422813 0.21983001 0.02470279
v 0.15424767 0.30712500 0.01750767
v 1.77752769 0.27630958 0.03095005
v 1.81016040 0.33250663 0.01714833
v 0.12071419 0.38694024 0.02391872
v 0.09980019 0.45384023 0.03089115
v 1.83533669 0.40614182 0.02383216
v 0.08415766 0.51350820 0.01746052
v 1.85642874 0.50249439 0.02439258
v 0.07653571 0.59644109 0.02392603
v 1.87397456 0.60582888 0.02365421
v 0.06813506 0.69786108 0.02453939
v 1.88594210 0.70686501 0.02346966
v 0.06225062 0.80055398 0.02370259
v 1.89357615 0.80669254 0.02352230
v 0.05944109 0.90091896 0.02349284
v 1.89769602 0.90656149 0.02355186
v 0.05900478 1.00062752 0.02356248
v 1.89838159 1.00654292 0.02355622
v 0.06074858 1.10037112 0.02353317
v 1.89559388 1.10653007 0.02355432
v 0.06520371 1.20118058 0.02303249
v 1.88927722 1.20645940 0.02355362
v 0.07311362 1.30424118 0.02334925
v 1.87911212 1.30655813 0.02356751
v 0.08341578 1.40092587 0.03007809
v 0.09163514 1.47144270 0.01720642
v 1.86423373 1.40766561 0.02351942
v 0.10702876 1.52589726 0.02334408
v 1.84438586 1.50675046 0.02308805
v 0.13712718 1.60064840 0.02359249
v 1.82182086 1.58860373 0.02326320
v 1.79488051 1.64576566 0.02910351
v 0.17712598 1.67861295 0.02974054
v 0.21944900 1.73307788 0.02280203
v 0.27521014 1.77810824 0.01660948
v 1.75708652 1.70222867 0.01697476
v 1.69869447 1.75584531 0.03025730
v 0.32728857 1.80728376 0.02997465
v 0.40020576 1.83233166 0.02339057
v 0.49509627 1.85497582 0.02300829
v 0.59602922 1.87255144 0.02350413
v 0.69632018 1.88478684 0.02356995
v 0.79623723 1.89289737 0.02355231
v 0.89620268 1.89742315 0.02355305
v 0.99619645 1.89846122 0.02355689
v 1.09613168 1.89604568 0.02355494
v 1.19596207 1.89016187 0.02352776
v 1.29636931 1.88036323 0.02347050
v 1.39894259 1.86549532 0.02363509
v 1.49980342 1.84575522 0.02438224
v 1.64263582 1.79988503 0.01795200
v 1.58217084 1.82496846 0.02403146
v 2.41484714 2.17876720 0.02915465
v 2.49620128 2.15562034 0.02327714
v 2.59521723 2.13546181 0.02308762
v 2.69655848 2.12080312 0.02351771
v 2.79665947 2.11075640 0.02356624
v 2.89658380 2.10441399 0.02355361
v 2.99657440 2.10161304 0.02355277
v 3.09654355 2.10229683 0.02352996
v 3.19635439 2.10640979 0.02348020
v 3.29612494 2.11406493 0.02368811
v 3.39734912 2.12611103 0.02452653
v 3.50086975 2.14352489 0.02388743
v 3.59458399 2.16399765 0.01725467
v 2.35467243 2.20171070 0.01691081
v 2.30084538 2.24435186 0.02948046
v 3.67062306 2.19129324 0.03103878
v 3.72420001 2.22250128 0.02456524
v 3.78142452 2.26787233 0.01757440
v 2.24293494 2.29806352 0.01784043
v 2.20425320 2.35461736 0.03054281
v 3.82567215 2.32191038 0.02425627
v 2.17459559 2.41336632 0.01808596
v 3.86256123 2.40033817 0.02436858
v 2.15444279 2.49653459 0.02408925
v 3.89276338 2.47655797 0.03004519
v 3.90919971 2.53299642 0.01709795
v 2.13456130 2.59784913 0.02447684
v 3.91922808 2.60423970 0.02396591
v 2.11958408 2.70055032 0.02367104
v 3.92786026 2.70190239 0.02445817
v 2.10981655 2.80093384 0.02348693
v 3.93536043 2.80592728 0.02368073
v 2.10394144 2.90073085 0.02353453
v 3.93953300 2.90690732 0.02348245
v 2.10151792 3.00065875 0.02355327
v 3.94102764 3.00666380 0.02352802
v 2.10254908 3.10064363 0.02355364
v 3.94032216 3.10647035 0.02355682
v 2.10703373 3.20053887 0.02357045
v 3.93728924 3.20655370 0.02358058
v 2.11506581 3.30035925 0.02350595
v 3.93153667 3.30762506 0.02353261
v 2.12741351 3.40117383 0.02301027
v 3.92295742 3.40679264 0.02308791
v 2.14535332 3.50363207 0.02338245
v 3.91261530 3.48920274 0.02345569
v 3.89965582 3.54837561 0.02989791
v 2.16803598 3.59909487 0.02997555
v 2.19154739 3.67122793 0.01662612
v 3.88038588 3.61506844 0.01675468
v 2.22229981 3.72535634 0.02282068
v 3.84384322 3.69270706 0.02375331
v 3.80245042 3.75829196 0.03080643
v 2.26620030 3.77839708 0.02976465
v 2.31971622 3.82281780 0.02357501
v 2.39802217 3.86247754 0.02331167
v 2.47388625 3.89335704 0.01719413
v 3.60969830 3.87875962 0.03087201
v 3.75759125 3.80728126 0.01681229
v 3.69049120 3.84535122 0.02365850
v 2.52579999 3.90640044 0.03006933
v 2.59832072 3.91691136 0.02336079
v 2.69468784 3.92734241 0.02303124
v 2.79607844 3.93491602 0.02353227
v 2.89632297 3.93919015 0.02358569
v 2.99616170 3.94097257 0.02355814
v 3.09597111 3.94055295 0.02353061
v 3.19636369 3.93772459 0.02348540
v 3.29888773 3.93195558 0.02368542
v 3.39982891 3.92358422 0.02446661
v 3.54452467 3.90383649 0.01736614
v 3.48228908 3.91529512 0.02395966
v 0.51417398 0.08959556 0.05693325
v 0.59737450 0.07997330 0.04964238
v 0.69805455 0.07079015 0.04908244
v 0.80033129 0.06471866 0.04984121
v 0.90063953 0.06172568 0.05000619
v 1.00037003 0.06111758 0.04996409
v 1.10008967 0.06279633 0.05012869
v 1.20098829 0.06726294 0.05091627
v 1.30441272 0.07518012 0.05039956
v 1.40158904 0.08490520 0.04286906
v 0.30960149 0.15774035 0.05692865
v 0.45512271 0.10043252 0.04219985
v 0.38961357 0.12297457 0.04989130
v 1.47186720 0.09341597 0.05699823
v 1.52603400 0.10819755 0.05056265
v 1.60129547 0.13854149 0.05043378
v 1.68030679 0.17802304 0.04342572
v 0.24436335 0.19706078 0.04279097
v 0.19706590 0.24436355 0.05720870
v 1.73344982 0.22205219 0.05116725
v 0.15774588 0.30960017 0.04307100
v 1.77609360 0.27396861 0.05799434
v 1.80845511 0.33142763 0.04300038
v 0.12298444 0.38962418 0.05010835
v 0.10044184 0.45514983 0.05779984
v 1.83163381 0.40305105 0.05024493
v 0.08960395 0.51418453 0.04306639
v 1.85414433 0.49741161 0.05085901
v 0.07998694 0.59737509 0.05035728
v 1.87242544 0.59903896 0.05013243
v 0.07080688 0.69805241 0.05091724
v 1.88505316 0.69968045 0.04997168
v 0.06473713 0.80033064 0.05015848
v 1.89327049 0.79957998 0.04999914
v 0.06174594 0.90063953 0.04999347
v 1.89777684 0.89950716 0.05000523
v 0.06113983 1.00036967 0.05003556
v 1.89867330 0.99949741 0.04999789
v 0.06282108 1.10009074 0.04987094
v 1.89595985 1.09946144 0.04998985
v 0.06729096 1.20099592 0.04908338
v 1.88960278 1.19934618 0.04999249
v 0.07520922 1.30441034 0.04960016
v 1.87920010 1.29964340 0.05001621
v 0.08492912 1.40152228 0.05713071
v 0.09343862 1.47175539 0.04300134
v 1.86362100 1.40159690 0.04987675
v 0.10824472 1.52597058 0.04943697
v 1.84282827 1.50124776 0.04917685
v 0.13860649 1.60129166 0.04956596
v 1.82039261 1.58284664 0.04953488
v 1.79541790 1.64118063 0.05617500
v 0.17807283 1.68028760 0.05657413
v 0.22206920 1.73339021 0.04883245
v 0.27399606 1.77603841 0.04200527
v 1.75334156 1.69946218 0.04257256
v 1.69945550 1.75334108 0.05742714
v 0.33148417 1.80842268 0.05699939
v 0.40307975 1.83160913 0.04975477
v 0.49741271 1.85411656 0.04914065
v 0.59903646 1.87240028 0.04986721
v 0.69968015 1.88503349 0.05002796
v 0.79958010 1.89325452 0.05000051
v 0.89950734 1.89776444 0.04999441
v 0.99949741 1.89866388 0.05000175
v 1.09946144 1.89595318 0.05000979
v 1.19934618 1.88959801 0.05000716
v 1.29964352 1.87919688 0.04998345
v 1.40159762 1.86361825 0.05012294
v 1.50124681 1.84282625 0.05082284
v 1.64117849 1.79542029 0.04382470
v 1.58284211 1.82039225 0.05046481
v 2.41429758 2.17965293 0.05605584
v 2.49740672 2.15723109 0.04939539
v 2.59798312 2.13629460 0.04908002
v 2.70030642 2.12075496 0.04982317
v 2.80065536 2.11041427 0.04998671
v 2.90052629 2.10404778 0.04998098
v 3.00048876 2.10132360 0.04999335
v 3.10046577 2.10221791 0.05000231
v 3.20031667 2.10669947 0.04998904
v 3.30012131 2.11487770 0.05016562
v 3.40108323 2.12755442 0.05093640
v 3.50387836 2.14593720 0.05037832
v 3.59962654 2.16833138 0.04306928
v 2.35684133 2.20558524 0.04242299
v 2.30051947 2.24681497 0.05643679
v 3.67105341 2.19259691 0.05794440
v 3.72494411 2.22382069 0.05109527
v 3.78031945 2.26873446 0.04332809
v 2.24681425 2.30051327 0.04356291
v 2.20558786 2.35683918 0.05757671
v 3.82319689 2.32313395 0.05043847
v 2.17965031 2.41429329 0.04394386
v 3.86180973 2.39908004 0.05070220
v 2.15722895 2.49740648 0.05060429
v 3.89158773 2.47185802 0.05710549
v 3.90685272 2.53082442 0.04289451
v 2.13629270 2.59798312 0.05091966
v 3.91504860 2.60121489 0.05030382
v 2.12075186 2.70030642 0.05017651
v 3.92487717 2.69693780 0.05086198
v 2.11040974 2.80065536 0.05001296
v 3.93270802 2.79913378 0.05011707
v 2.10404086 2.90052629 0.05001867
v 3.93711138 2.89970756 0.04995914
v 2.10131454 3.00048876 0.05000630
v 3.93882871 2.99953079 0.04998774
v 2.10220575 3.10046601 0.04999736
v 3.93824840 3.09935403 0.05000371
v 2.10668421 3.20031714 0.05001064
v 3.93520045 3.19963789 0.05002746
v 2.11485791 3.30012059 0.04983409
v 3.92913008 3.30154085 0.04987321
v 2.12752843 3.40107870 0.04906330
v 3.92011428 3.40125275 0.04915986
v 2.14591002 3.50387979 0.04962137
v 3.91040444 3.48301673 0.04974930
v 3.89991784 3.54245019 0.05690566
v 2.16830873 3.59965563 0.05693036
v 2.19256425 3.67111039 0.04205539
v 3.87696242 3.61211848 0.04206776
v 2.22376180 3.72497201 0.04890443
v 3.84252644 3.68923998 0.05000747
v 3.80396438 3.75455213 0.05777926
v 2.26867795 3.78033662 0.05667144
v 2.32311559 3.82324409 0.04956117
v 2.39907765 3.86187625 0.04929753
v 2.47179461 3.89163971 0.04289431
v 3.61212802 3.87696981 0.05793191
v 3.75455308 3.80396986 0.04222042
v 3.68923998 3.84253430 0.04999219
v 2.53071284 3.90687585 0.05710505
v 2.60114813 3.91507149 0.04969581
v 2.69693279 3.92490530 0.04913769
v 2.79914093 3.93273640 0.04988264
v 2.89970899 3.93713665 0.05004057
v 2.99953032 3.93885159 0.05001194
v 3.09935403 3.93826842 0.04999598
v 3.19963813 3.93521810 0.04997222
v 3.30154014 3.92914581 0.05012649
v 3.40125227 3.92012787 0.05083984
v 3.54247713 3.89992762 0.04309407
v 3.48302722 3.91041470 0.05025042
v 0.51350498 0.08415339 0.08253911
v 0.59644145 0.07652732 0.07607357
v 0.69786280 0.06812387 0.07546025
v 0.80055451 0.06223760 0.07629703
v 0.90091890 0.05942623 0.07650679
v 1.00062776 0.05898788 0.07643714
v 1.10037041 0.06072935 0.07646646
v 1.20117509 0.06518164 0.07696719
v 1.30424345 0.07309014 0.07665040
v 1.40098274 0.08339584 0.06992150
v 0.30712959 0.15424949 0.08249195
v 0.45382753 0.09979568 0.06910846
v 0.38693750 0.12071142 0.07608090
v 1.47153747 0.09161716 0.08279320
v 1.52595150 0.10699040 0.07665551
v 1.60064960 0.13707386 0.07640716
v 1.67862642 0.17708527 0.07025910
v 0.24231221 0.19607073 0.06977031
v 0.19455323 0.24114078 0.08282730
v 1.73312640 0.21943618 0.07719760
v 0.15614751 0.31035206 0.06987179
v 1.77815211 0.27518976 0.08339016
v 1.80730963 0.32724285 0.07002493
v 0.12034965 0.38810322 0.07635145
v 0.09695589 0.45163745 0.08319740
v 1.83235002 0.40018386 0.07660905
v 0.08791143 0.51432532 0.07007404
v 1.85499573 0.49509555 0.07699133
v 0.07723121 0.59603429 0.07655993
v 1.87256777 0.59603065 0.07649548
v 0.06825227 0.69525266 0.07691690
v 1.88479841 0.69632018 0.07642965
v 0.06260703 0.79658794 0.07646966
v 1.89290512 0.79623717 0.07644730
v 0.05969304 0.89664435 0.07644601
v 1.89742672 0.89620268 0.07644655
v 0.05896529 0.99638057 0.07651556
v 1.89846218 0.99619645 0.07644273
v 0.06046196 1.09607565 0.07630450
v 1.89604378 1.09613168 0.07644467
v 0.06467044 1.19724274 0.07543059
v 1.89015782 1.19596207 0.07647186
v 0.07198563 1.30146885 0.07601181
v 1.88035774 1.29636908 0.07652913
v 0.08022103 1.39640176 0.08282664
v 0.09311309 1.47127616 0.06999072
v 1.86548996 1.39894247 0.07636453
v 0.10690083 1.52410913 0.07561562
v 1.84574938 1.49980402 0.07561738
v 0.13785575 1.60064900 0.07589836
v 1.82496202 1.58216882 0.07596817
v 1.79987764 1.64262652 0.08204760
v 0.17518854 1.67984116 0.08232908
v 0.21985205 1.73416281 0.07529684
v 0.27634251 1.77746391 0.06904965
v 1.75583756 1.69868982 0.06974240
v 1.70221484 1.75707793 0.08302481
v 0.33257177 1.81012595 0.08285121
v 0.40617767 1.83530724 0.07616752
v 0.50249523 1.85639489 0.07560705
v 0.60582495 1.87394309 0.07634543
v 0.70686436 1.88591564 0.07652999
v 0.80669284 1.89355397 0.07647731
v 0.90656155 1.89767659 0.07644777
v 1.00654304 1.89836454 0.07644340
v 1.10653007 1.89557970 0.07644530
v 1.20645940 1.88926470 0.07644600
v 1.30655825 1.87910116 0.07643212
v 1.40766633 1.86422265 0.07648021
v 1.50674939 1.84437513 0.07691156
v 1.64575231 1.79487622 0.07089614
v 1.58859479 1.82181287 0.07673641
v 2.41337514 2.17460513 0.08191361
v 2.49653530 2.15445328 0.07591039
v 2.59784842 2.13457179 0.07552280
v 2.70055032 2.11959529 0.07632859
v 2.80093384 2.10982919 0.07651269
v 2.90073085 2.10395551 0.07646509
v 3.00065875 2.10153508 0.07644635
v 3.10064363 2.10256863 0.07644600
v 3.20053911 2.10705638 0.07642919
v 3.30035996 2.11509299 0.07649370
v 3.40117717 2.12744546 0.07698933
v 3.50362873 2.14538646 0.07661718
v 3.59906030 2.16806459 0.07002422
v 2.35463047 2.20425797 0.06945687
v 2.29807734 2.24294353 0.08215915
v 3.67116237 2.19158173 0.08337343
v 3.72532201 2.22236466 0.07717892
v 3.77837706 2.26626444 0.07023502
v 2.24435949 2.30085063 0.07051922
v 2.20171809 2.35468173 0.08308878
v 3.82276464 2.31973505 0.07642453
v 2.17877197 2.41484904 0.07084500
v 3.86240554 2.39802647 0.07668798
v 2.15562630 2.49620199 0.07672248
v 3.89330196 2.47395277 0.08280551
v 3.90637350 2.52592492 0.06993041
v 2.13546801 2.59521651 0.07691199
v 3.91688442 2.59838891 0.07663878
v 2.12080860 2.69655800 0.07648191
v 3.92730975 2.69469213 0.07696830
v 2.11076021 2.79665947 0.07643339
v 3.93488431 2.79607368 0.07646737
v 2.10441637 2.89658380 0.07644600
v 3.93916249 2.89632273 0.07641394
v 2.10161304 2.99657440 0.07644685
v 3.94094634 2.99616194 0.07644148
v 2.10229373 3.09654379 0.07646966
v 3.94052887 3.09597111 0.07646903
v 2.10640311 3.19635439 0.07651941
v 3.93770146 3.19636393 0.07651423
v 2.11405301 3.29612398 0.07631151
v 3.93193460 3.29888940 0.07631421
v 2.12609363 3.39734483 0.07547309
v 3.92356658 3.39982891 0.07553297
v 2.14350533 3.50087070 0.07611217
v 3.91528177 3.48226929 0.07603996
v 3.90382457 3.54448414 0.08263344
v 2.16398168 3.59460640 0.08274496
v 2.19126678 3.67066836 0.06896083
v 3.87874556 3.60967946 0.06912766
v 2.22245336 3.72422171 0.07543433
v 3.84533668 3.69048572 0.07634112
v 3.80727053 3.75758386 0.08318730
v 2.26782513 3.78143740 0.08242527
v 2.32189322 3.82571077 0.07574335
v 2.40033722 3.86261511 0.07563105
v 2.47650528 3.89280701 0.06995438
v 3.61507058 3.88038588 0.08324493
v 3.75828457 3.80244803 0.06919321
v 3.69270301 3.84384298 0.07624631
v 2.53290224 3.90921688 0.08290164
v 2.60418272 3.91924572 0.07603370
v 2.70190120 3.92788386 0.07554149
v 2.80593562 3.93538332 0.07631891
v 2.90690970 3.93955159 0.07651719
v 3.00666380 3.94104433 0.07647160
v 3.10647011 3.94033599 0.07644281
v 3.20655394 3.93730116 0.07641905
v 3.30762482 3.93154669 0.07646701
v 3.40679169 3.92296529 0.07691173
v 3.54838824 3.89965963 0.07010172
v 3.48920560 3.91262031 0.07654393
v 0.52128679 0.08498359 0.09864222
v 0.59699166 0.07858156 0.09614082
v 0.69744074 0.07303521 0.09596673
v 0.80015773 0.06844359 0.09682103
v 0.90050513 0.06607103 0.09708926
v 1.00020230 0.06552463 0.09699840
v 1.09995735 0.06653560 0.09683762
v 1.20039737 0.06955364 0.09685089
v 1.30293405 0.07540797 0.09676488
v 1.39975858 0.08262729 0.09280041
v 0.31561229 0.16331802 0.09913582
v 0.45681289 0.09604812 0.09178744
v 0.39029109 0.12700185 0.09629741
v 0.49221492 0.12455583 0.10447939
v 0.59673065 0.11268130 0.10538584
v 0.69791073 0.11100584 0.10597621
v 0.80006480 0.10973142 0.10685945
v 0.90036321 0.10878186 0.10723842
v 1.00008595 0.10847200 0.10721836
v 1.09988880 0.10863541 0.10699307
v 1.19990766 0.10947197 0.10663203
v 1.30114889 0.11170843 0.10633638
v 1.46712565 0.10667944 0.09961157
v 1.40024817 0.11327485 0.10503144
v 1.52522576 0.12523113 0.09695935
v 1.60139644 0.14603773 0.09649855
v 1.67893398 0.17739846 0.09278841
v 0.24678005 0.19310828 0.09265213
v 0.20721669 0.23967189 0.09938999
v 0.28753173 0.22347416 0.10523563
v 0.40552881 0.18956268 0.10652339
v 0.51243454 0.20716473 0.10888266
v 0.59746027 0.19330622 0.10892534
v 0.69882792 0.19268502 0.10952030
v 0.80019957 0.19391860 0.11016424
v 0.90032160 0.19424447 0.11048914
v 1.00008440 0.19434531 0.11053187
v 1.09995699 0.19436421 0.11040629
v 1.19985032 0.19429968 0.11009663
v 1.29998946 0.19456638 0.10967366
v 1.40067887 0.19445056 0.10917939
v 1.50049913 0.18474139 0.10709206
v 1.60286963 0.20034568 0.10621683
v 1.73199069 0.23309639 0.09713217
v 1.67401803 0.19995920 0.10420310
v 0.15951000 0.30538920 0.09260038
v 0.21170411 0.30843648 0.10525379
v 0.30949220 0.30758026 0.10877363
v 0.39511955 0.29266125 0.10946399
v 0.49799639 0.29368338 0.11027931
v 0.59885061 0.29600358 0.11073391
v 0.69930464 0.29606977 0.11102545
v 0.80025887 0.29740223 0.11131350
v 0.90026599 0.29791415 0.11145010
v 1.00007129 0.29800960 0.11146118
v 1.09999526 0.29803407 0.11140528
v 1.19994783 0.29793781 0.11126404
v 1.29979265 0.29775524 0.11099591
v 1.39958298 0.29794461 0.11064263
v 1.49994564 0.29820070 0.11011853
v 1.60322618 0.29917669 0.10928563
v 1.77399945 0.29827118 0.09982380
v 1.70516813 0.28760308 0.10668752
v 1.80936325 0.33939597 0.09296109
v 0.13206755 0.38417301 0.09664262
v 0.10815930 0.44819298 0.09931679
v 0.18394326 0.42053044 0.10657898
v 0.29475641 0.39319658 0.10951474
v 0.39797190 0.39460939 0.11056647
v 0.49831128 0.39760235 0.11116445
v 0.59904152 0.39949840 0.11149542
v 0.69971585 0.40010476 0.11165092
v 0.80019498 0.40054220 0.11174444
v 0.90018570 0.40071079 0.11177032
v 1.00004709 0.40065178 0.11175160
v 1.10000026 0.40061334 0.11171664
v 1.19999635 0.40056649 0.11165635
v 1.29990125 0.40035477 0.11152912
v 1.39952505 0.40013689 0.11128663
v 1.49936724 0.40140647 0.11090166
v 1.60202563 0.40523818 0.11031809
v 1.70539451 0.40096486 0.10918377
v 1.83034635 0.42431688 0.09708706
v 1.78378630 0.37481922 0.10531004
v 0.08555847 0.50991875 0.09255476
v 0.12114345 0.51034790 0.10482360
v 0.20815271 0.50839674 0.10885891
v 0.29496366 0.49478608 0.11024376
v 0.39875442 0.49631292 0.11116144
v 0.50012833 0.49986467 0.11154737
v 0.60026115 0.50093132 0.11174233
v 0.70019478 0.50087333 0.11182200
v 0.80017489 0.50073516 0.11185244
v 0.90010923 0.50065607 0.11185741
v 1.00002480 0.50056535 0.11184581
v 1.09999788 0.50051653 0.11182740
v 1.20000422 0.50048441 0.11179636
v 1.29995978 0.50030851 0.11172688
v 1.39966083 0.49994326 0.11157260
v 1.49931049 0.50074154 0.11130347
v 1.60110140 0.50487769 0.11091849
v 1.70508099 0.50403225 0.11011907
v 1.84696269 0.52322739 0.09737210
v 1.79176295 0.47492981 0.10708862
v 0.07776333 0.59305531 0.09635451
v 0.11120118 0.61667550 0.10581408
v 0.19420454 0.59243554 0.10901270
v 0.29687411 0.59490895 0.11068561
v 0.39969397 0.59834099 0.11147411
v 0.50068867 0.60054886 0.11173905
v 0.60049558 0.60084277 0.11182640
v 0.70026934 0.60051686 0.11186695
v 0.80013001 0.60028172 0.11188506
v 0.90005052 0.60017902 0.11189194
v 1.00000751 0.60013026 0.11189155
v 1.09999692 0.60011142 0.11188517
v 1.20000517 0.60009092 0.11186784
v 1.29997718 0.59993172 0.11182074
v 1.39973271 0.59957647 0.11170890
v 1.49931991 0.60024196 0.11153049
v 1.60051668 0.60406363 0.11135678
v 1.70452380 0.60360819 0.11083712
v 1.85896337 0.62374353 0.09744371
v 1.79690719 0.57564372 0.10773283
v 0.07115822 0.69310510 0.09662525
v 0.10961973 0.71783257 0.10641587
v 0.19319454 0.69312239 0.10962571
v 0.29644307 0.69575483 0.11099178
v 0.40004048 0.69980544 0.11162825
v 0.50067443 0.70075828 0.11181801
v 0.60035390 0.70054513 0.11186689
v 0.70012063 0.70020527 0.11189324
v 0.80003977 0.70004737 0.11190988
v 0.90000892 0.70000261 0.11191840
v 0.99999642 0.69999290 0.11192130
v 1.09999704 0.69999540 0.11191902
v 1.20000625 0.69998175 0.11190760
v 1.29998422 0.69982576 0.11187109
v 1.39976418 0.69948071 0.11177950
v 1.49931049 0.70015264 0.11164866
v 1.60013521 0.70390332 0.11160933
v 1.70412207 0.70332503 0.11133812
v 1.86729050 0.72374284 0.09763165
v 1.80030894 0.67559719 0.10829455
v 0.06777365 0.79343647 0.09674945
v 0.10904809 0.81773472 0.10690426
v 0.19424559 0.79342723 0.11014323
v 0.29759851 0.79663104 0.11127423
v 0.40045828 0.80052191 0.11172413
v 0.50061888 0.80082017 0.11184900
v 0.60022521 0.80033916 0.11188541
v 0.70003355 0.80006927 0.11191010
v 0.79999268 0.79998773 0.11192627
v 0.89999068 0.79997915 0.11193420
v 0.99999303 0.79998523 0.11193672
v 1.09999835 0.79999393 0.11193488
v 1.20000744 0.79998165 0.11192550
v 1.29998612 0.79982549 0.11189432
v 1.39977527 0.79948145 0.11181410
v 1.49929643 0.80015916 0.11170760
v 1.59989905 0.80391079 0.11173558
v 1.70390344 0.80329293 0.11160965
v 1.87278402 0.82368451 0.09774195
v 1.80268502 0.77551305 0.10866276
v 0.06594916 0.89328563 0.09695893
v 0.10857563 0.91758740 0.10718840
v 0.19446015 0.89331323 0.11042880
v 0.29804164 0.89664316 0.11141329
v 0.40066504 0.90058076 0.11175651
v 0.50059539 0.90075755 0.11185519
v 0.60015845 0.90022355 0.11189243
v 0.70000327 0.90001374 0.11191873
v 0.79998434 0.89998025 0.11193426
v 0.89998978 0.89998537 0.11194096
v 0.99999470 0.89999354 0.11194258
v 1.10000098 0.90000242 0.11194031
v 1.20000911 0.89998984 0.11193129
v 1.29998350 0.89983308 0.11190293
v 1.39976895 0.89948910 0.11183030
v 1.49928474 0.90016741 0.11173622
v 1.59979343 0.90392113 0.11178917
v 1.70381927 0.90329981 0.11172681
v 1.87569535 0.92367584 0.09777976
v 1.80423093 0.87549603 0.10884026
v 0.06563086 0.99302930 0.09708904
v 0.10855660 1.01736414 0.10726582
v 0.19439068 0.99323416 0.11053156
v 0.29806209 0.99658728 0.11144818
v 0.40062889 1.00051224 0.11174619
v 0.50053269 1.00068426 0.11184532
v 0.60011971 1.00016892 0.11189204
v 0.69999260 0.99999356 0.11192157
v 0.79998589 0.99998188 0.11193679
v 0.89999300 0.99999171 0.11194258
v 0.99999785 0.99999946 0.11194339
v 1.10000420 1.00000799 0.11194032
v 1.20001018 0.99999428 0.11193070
v 1.29997206 0.99983662 0.11190394
v 1.39973938 0.99949247 0.11183766
v 1.49927080 1.00017238 0.11174803
v 1.59981215 1.00392771 0.11179195
v 1.70384574 1.00330722 0.11173075
v 1.87607217 1.02366948 0.09776575
v 1.80496299 0.97549993 0.10888018
v 0.06696592 1.09281492 0.09685290
v 0.10909415 1.11733270 0.10693579
v 0.19425097 1.09307194 0.11046440
v 0.29801556 1.09655511 0.11141838
v 0.40060359 1.10050094 0.11171679
v 0.50049859 1.10066628 0.11182756
v 0.60010195 1.10015655 0.11188550
v 0.69999093 1.09999251 0.11191919
v 0.79998988 1.09998751 0.11193492
v 0.89999753 1.09999883 0.11194032
v 1.00000226 1.10000682 0.11194033
v 1.10000706 1.10001326 0.11193597
v 1.20000291 1.09999228 0.11192516
v 1.29993379 1.09982347 0.11190009
v 1.39965653 1.09947348 0.11184089
v 1.49921954 1.10015702 0.11174894
v 1.59992909 1.10391915 0.11174794
v 1.70396721 1.10330164 0.11162639
v 1.87394369 1.12358201 0.09770432
v 1.80487788 1.07549381 0.10879770
v 0.07034808 1.19450998 0.09600964
v 0.11048052 1.21896124 0.10615126
v 0.19408552 1.19303155 0.11010419
v 0.29790187 1.19646561 0.11129811
v 0.40060622 1.20050669 0.11166176
v 0.50050551 1.20067680 0.11179636
v 0.60010672 1.20016432 0.11186788
v 0.69999897 1.20000076 0.11190766
v 0.79999930 1.19999552 0.11192553
v 0.90000701 1.20000541 0.11193131
v 1.00001085 1.20000994 0.11193074
v 1.10000849 1.20000398 0.11192521
v 1.19997740 1.19995177 0.11191379
v 1.29984653 1.19974458 0.11189181
v 1.39949882 1.19937611 0.11184104
v 1.49912167 1.20005727 0.11173759
v 1.60013735 1.20381260 0.11164762
v 1.70417809 1.20319259 0.11139620
v 1.86929286 1.22335207 0.09760522
v 1.80398178 1.17539263 0.10858279
v 0.07585707 1.29761410 0.09631106
v 0.11285630 1.32061362 0.10593509
v 0.19410127 1.29341066 0.10955589
v 0.29778621 1.29617429 0.11102397
v 0.40060806 1.30044758 0.11153978
v 0.50051057 1.30066574 0.11172709
v 0.60010237 1.30014479 0.11182039
v 0.69999361 1.29997933 0.11187103
v 0.79999411 1.29997027 0.11189432
v 0.90000176 1.29997063 0.11190296
v 1.00000381 1.29995620 0.11190409
v 1.09998941 1.29990935 0.11190031
v 1.19992042 1.29978228 0.11189196
v 1.29972363 1.29950833 0.11187524
v 1.39937377 1.29918861 0.11182629
v 1.49926603 1.29996300 0.11168329
v 1.60082400 1.30364203 0.11143871
v 1.70473480 1.30288577 0.11098144
v 1.86181533 1.32368636 0.09743138
v 1.80233335 1.27509177 0.10820457
v 0.08263069 1.38051283 0.09927498
v 0.09043324 1.45677364 0.09280967
v 0.11533163 1.41930115 0.10503425
v 0.19331667 1.39448750 0.10922333
v 0.29752308 1.39500177 0.11069008
v 0.40057278 1.39992142 0.11129902
v 0.50039250 1.40045607 0.11157214
v 0.59994119 1.39993608 0.11170806
v 0.69982880 1.39976752 0.11177929
v 0.79983050 1.39975977 0.11181407
v 0.89983839 1.39975023 0.11183040
v 0.99983865 1.39970994 0.11183793
v 1.09981382 1.39960742 0.11184132
v 1.19972396 1.39939618 0.11184101
v 1.29956722 1.39913666 0.11182505
v 1.39949191 1.39917970 0.11175224
v 1.50010145 1.40048206 0.11151122
v 1.60271502 1.40418136 0.11100273
v 1.70639265 1.40305388 0.11022852
v 1.85082316 1.42616260 0.09689208
v 1.80017614 1.37521648 0.10754236
v 0.11729331 1.51080418 0.09632459
v 0.18721846 1.50793147 0.10716494
v 0.29548174 1.49413681 0.11028753
v 0.40014273 1.49852586 0.11093634
v 0.50004667 1.49996305 0.11130258
v 0.59945792 1.49950385 0.11152832
v 0.69931537 1.49928141 0.11164798
v 0.79931867 1.49927700 0.11170747
v 0.89932805 1.49930143 0.11173631
v 0.99932832 1.49931765 0.11174848
v 1.09930134 1.49929142 0.11174962
v 1.19921565 1.49919295 0.11173627
v 1.29920113 1.49930203 0.11167640
v 1.39968801 1.50028968 0.11150099
v 1.50146890 1.50276721 0.11109604
v 1.60403824 1.50536275 0.11031695
v 1.70674181 1.50428665 0.10907236
v 1.83587933 1.52620590 0.09569205
v 1.79664969 1.47776520 0.10634229
v 0.15493317 1.59849226 0.09660038
v 0.21057324 1.62585688 0.10611700
v 0.29506502 1.59946835 0.10945154
v 0.39952096 1.59867764 0.11040492
v 0.50041610 1.60076737 0.11093513
v 0.59974748 1.60039675 0.11135714
v 0.69948858 1.59990382 0.11160777
v 0.79947662 1.59977591 0.11173494
v 0.89948845 1.59982753 0.11178914
v 0.99949080 1.60000205 0.11179251
v 1.09946859 1.60027957 0.11174890
v 1.19939804 1.60064149 0.11164394
v 1.29944587 1.60148406 0.11141956
v 1.40019691 1.60382140 0.11097356
v 1.50121665 1.60633302 0.11029924
v 1.60444009 1.60704625 0.10926720
v 1.69250584 1.59158909 0.10818549
v 1.82140684 1.59730017 0.09418431
v 1.78980279 1.64738429 0.09849104
v 1.78307569 1.58634818 0.10455443
v 0.18232575 1.67366910 0.09891178
v 0.20734456 1.72196817 0.09403985
v 0.22260019 1.70396495 0.10355149
v 0.26881674 1.76183295 0.09406448
v 0.29944530 1.71329916 0.10653324
v 0.40097517 1.70332563 0.10926317
v 0.50391948 1.70457947 0.11017510
v 0.60394669 1.70475924 0.11086759
v 0.70351136 1.70418453 0.11134270
v 0.80340773 1.70389497 0.11160827
v 0.90341270 1.70381451 0.11172622
v 1.00341821 1.70384800 0.11173111
v 1.10340309 1.70398259 0.11162747
v 1.20334804 1.70419407 0.11139046
v 1.30338633 1.70468819 0.11094541
v 1.40387595 1.70649707 0.11017631
v 1.50420356 1.70759249 0.10909736
v 1.59075201 1.69328034 0.10824303
v 1.75208712 1.70319974 0.09259445
v 1.69145143 1.75911927 0.09921799
v 1.70297241 1.68717885 0.10504235
v 0.33598262 1.79374397 0.09968814
v 0.39272967 1.82787108 0.09472164
v 0.40407214 1.79214859 0.10514690
v 0.47738737 1.84277999 0.09611246
v 0.50490177 1.79701483 0.10694233
v 0.58152306 1.85672438 0.09713691
v 0.60733676 1.80138683 0.10780423
v 0.68333942 1.86615312 0.09755529
v 0.70722979 1.80343711 0.10834200
v 0.78312337 1.87199974 0.09768228
v 0.80692744 1.80455637 0.10866921
v 0.88290852 1.87531722 0.09774817
v 0.90686893 1.80501533 0.10883929
v 0.98287404 1.87618828 0.09777943
v 1.00687301 1.80469370 0.10887984
v 1.08287370 1.87454152 0.09776504
v 1.10686672 1.80355060 0.10879798
v 1.18284094 1.87033200 0.09769725
v 1.20682156 1.80154788 0.10857571
v 1.28280807 1.86339152 0.09755404
v 1.30684865 1.79858458 0.10815427
v 1.38321221 1.85327387 0.09730911
v 1.40723932 1.79492915 0.10745445
v 1.48320270 1.83982074 0.09707087
v 1.50704992 1.79043913 0.10648349
v 1.64376175 1.79927075 0.09317572
v 1.57432580 1.82280791 0.09668067
v 1.61081636 1.77310765 0.10495737
v 2.42067122 2.17839909 0.09851657
v 2.49702811 2.16389036 0.09647857
v 2.59750342 2.14976811 0.09659102
v 2.70017982 2.13823605 0.09749155
v 2.80051804 2.13064909 0.09780005
v 2.90025163 2.12603712 0.09780674
v 3.00015211 2.12392116 0.09778640
v 3.10014343 2.12429929 0.09774249
v 3.20008802 2.12717891 0.09763060
v 3.29990673 2.13257146 0.09744017
v 3.40030456 2.14107060 0.09736451
v 3.50250936 2.15399075 0.09707609
v 3.59823418 2.17039824 0.09294938
v 2.35786390 2.19926620 0.09216572
v 2.30913687 2.24071383 0.09864684
v 2.39101505 2.22606230 0.10440923
v 2.49643683 2.20833683 0.10594034
v 2.59799600 2.20401573 0.10705061
v 2.70011210 2.20033193 0.10814143
v 2.80037498 2.19761682 0.10866645
v 2.90009713 2.19596624 0.10883476
v 2.99998760 2.19510627 0.10888501
v 3.09998202 2.19502807 0.10883988
v 3.19996977 2.19574094 0.10866231
v 3.29983068 2.19717360 0.10829359
v 3.39973545 2.19958544 0.10773069
v 3.50109291 2.20421004 0.10708478
v 3.66791868 2.20757794 0.09982013
v 3.60069656 2.20935202 0.10530543
v 3.72547889 2.23484063 0.09713107
v 3.78084779 2.26885748 0.09278724
v 2.24810290 2.29592729 0.09300182
v 2.21130943 2.34976792 0.09923257
v 2.29736590 2.31172466 0.10510274
v 2.40940452 2.30679250 0.10813625
v 2.49713922 2.29210925 0.10891262
v 2.59899259 2.29288602 0.11007860
v 2.70027685 2.29471302 0.11098363
v 2.80033422 2.29535341 0.11145630
v 2.90007901 2.29573703 0.11165252
v 2.99997950 2.29600286 0.11173315
v 3.09997487 2.29614353 0.11172560
v 3.19998360 2.29616523 0.11160907
v 3.29992223 2.29599094 0.11133778
v 3.39963722 2.29560947 0.11083668
v 3.49977326 2.29607487 0.11011824
v 3.60234308 2.29723811 0.10918222
v 3.70228171 2.28613067 0.10668579
v 3.82231855 2.33408570 0.09649492
v 3.77560925 2.29390931 0.10420047
v 2.17735243 2.41108751 0.09310888
v 2.21791434 2.41036320 0.10493568
v 2.30765581 2.40717936 0.10824288
v 2.39524841 2.39325142 0.10927390
v 2.49845386 2.39395499 0.11031802
v 2.59960985 2.39626408 0.11101004
v 2.70037889 2.39854717 0.11146971
v 2.80028009 2.39939857 0.11168265
v 2.90006185 2.39976287 0.11176224
v 2.99998522 2.40002465 0.11179285
v 3.09998226 2.40017414 0.11178801
v 3.19999504 2.40019989 0.11173509
v 3.29998398 2.40004420 0.11160913
v 3.39976358 2.39956570 0.11135668
v 3.49922609 2.39934254 0.11091834
v 3.60018492 2.40123653 0.11031757
v 3.70423961 2.39871788 0.10928379
v 3.85489845 2.42399907 0.09695411
v 3.78924775 2.37338543 0.10621193
v 2.16022015 2.49343181 0.09665311
v 2.20431352 2.51701808 0.10647502
v 2.29377770 2.49293256 0.10909140
v 2.39580584 2.49487400 0.11029885
v 2.49827337 2.49759126 0.11110374
v 2.59999013 2.49983978 0.11152748
v 2.70034480 2.50077939 0.11170273
v 2.80020118 2.50088644 0.11175188
v 2.90003681 2.50077438 0.11175413
v 2.99998426 2.50072384 0.11174792
v 3.09998441 2.50071311 0.11173540
v 3.19999623 2.50071025 0.11170726
v 3.29999804 2.50067544 0.11164857
v 3.39985824 2.50044608 0.11153045
v 3.49931455 2.50014043 0.11130346
v 3.59927702 2.50174618 0.11090156
v 3.70363092 2.50476146 0.11011751
v 3.88440275 2.50011039 0.09960767
v 3.81212521 2.49035025 0.10708838
v 3.90853429 2.53844404 0.09280213
v 2.14610028 2.59313130 0.09706156
v 2.20088840 2.61784649 0.10745244
v 2.29418039 2.59327507 0.11017540
v 2.39722514 2.59597969 0.11097284
v 2.49977374 2.59995341 0.11150170
v 2.60042334 2.60091639 0.11175539
v 2.70032406 2.60086799 0.11183064
v 2.80012679 2.60060930 0.11184405
v 2.90001392 2.60039926 0.11184159
v 2.99998331 2.60029149 0.11183714
v 3.09998584 2.60024381 0.11182982
v 3.19999552 2.60022593 0.11181392
v 3.29999709 2.60020447 0.11177944
v 3.39988375 2.60003972 0.11170887
v 3.49944997 2.59968376 0.11157262
v 3.59933281 2.60064793 0.11128666
v 3.70231128 2.60507965 0.11064214
v 3.80589533 2.60231566 0.10917768
v 3.91751480 2.62328720 0.09676896
v 3.88346314 2.57581449 0.10503007
v 2.13654041 2.69340944 0.09730506
v 2.19847775 2.71771097 0.10815354
v 2.29569530 2.69340920 0.11094557
v 2.39911246 2.69664741 0.11141970
v 2.50062895 2.70058632 0.11167635
v 2.60059047 2.70092797 0.11182503
v 2.70026326 2.70047450 0.11187528
v 2.80006599 2.70019579 0.11189169
v 2.89999604 2.70007372 0.11189973
v 2.99998260 2.70002747 0.11190357
v 3.09998703 2.70001340 0.11190268
v 3.19999599 2.70001078 0.11189421
v 3.29999661 2.69999433 0.11187109
v 3.39988756 2.69983602 0.11182078
v 3.49948597 2.69947863 0.11172704
v 3.59942675 2.70017076 0.11152945
v 3.70227122 2.70418096 0.11099596
v 3.80564284 2.70359564 0.10967284
v 3.92546797 2.72299910 0.09685446
v 3.88631129 2.67468309 0.10633625
v 2.12970161 2.79330635 0.09755233
v 2.19647121 2.81761885 0.10857528
v 2.29607296 2.79329562 0.11139052
v 2.39979076 2.79662418 0.11164407
v 2.50078297 2.80057192 0.11173632
v 2.60046554 2.80076385 0.11184093
v 2.70014167 2.80023837 0.11189181
v 2.80001450 2.80002356 0.11191357
v 2.89998484 2.79997730 0.11192494
v 2.99998355 2.79997277 0.11193053
v 3.09998798 2.79997778 0.11193120
v 3.19999695 2.79998565 0.11192548
v 3.29999709 2.79997277 0.11190767
v 3.39988947 2.79981589 0.11186807
v 3.49949288 2.79946852 0.11179683
v 3.59941006 2.80013490 0.11165710
v 3.70212746 2.80391717 0.11126480
v 3.80576634 2.80341911 0.11009672
v 3.93059707 2.82374024 0.09683373
v 3.88914371 2.77547741 0.10663192
v 2.12544990 2.89327240 0.09769704
v 2.19529152 2.91761470 0.10879756
v 2.29615068 2.89326906 0.11162715
v 2.40001345 2.89657402 0.11174890
v 2.50070763 2.90049887 0.11174963
v 2.60031223 2.90067315 0.11184133
v 2.70005202 2.90015912 0.11190028
v 2.79998422 2.89998221 0.11192518
v 2.89998007 2.89996862 0.11193591
v 2.99998474 2.89997721 0.11194026
v 3.09998989 2.89998507 0.11194030
v 3.19999838 2.89999437 0.11193492
v 3.29999733 2.89998126 0.11191916
v 3.39988565 2.89982390 0.11188550
v 3.49948788 2.89948010 0.11182782
v 3.59938693 2.90015745 0.11171656
v 3.70198298 2.90390968 0.11140385
v 3.80564237 2.90331697 0.11040266
v 3.93336058 2.92373157 0.09695968
v 3.89059448 2.87557507 0.10698760
v 2.12378836 2.99327612 0.09777100
v 2.19496226 3.01761961 0.10888473
v 2.29616499 2.99327469 0.11173012
v 2.40015459 2.99657059 0.11179211
v 2.50068259 3.00048375 0.11174843
v 2.60023546 3.00065255 0.11183791
v 2.70001340 3.00014400 0.11190408
v 2.79997563 2.99997926 0.11193074
v 2.89998102 2.99997354 0.11194032
v 2.99998736 2.99998426 0.11194339
v 3.09999228 2.99999237 0.11194259
v 3.19999981 2.99999976 0.11193678
v 3.29999352 2.99998045 0.11192153
v 3.39986539 2.99981236 0.11189190
v 3.49944758 2.99946189 0.11184515
v 3.59934306 3.00014520 0.11174648
v 3.70191860 3.00390649 0.11144651
v 3.80557537 3.00329185 0.11050461
v 3.93440914 3.02358937 0.09700149
v 3.89128017 2.97550511 0.10718067
v 2.12465715 3.09323597 0.09782028
v 2.19543886 3.11757112 0.10887673
v 2.29608703 3.09327769 0.11172911
v 2.40019703 3.09657621 0.11178815
v 2.50069451 3.10048652 0.11173602
v 2.60021186 3.10065365 0.11183034
v 2.70000172 3.10014606 0.11190296
v 2.79997659 3.09998298 0.11193131
v 2.89998412 3.09997940 0.11194032
v 2.99999022 3.09999037 0.11194260
v 3.09999537 3.09999824 0.11194098
v 3.20000100 3.10000134 0.11193430
v 3.29998326 3.09996128 0.11191867
v 3.39982724 3.09975910 0.11189215
v 3.49938130 3.09938192 0.11185500
v 3.59929228 3.10004902 0.11175786
v 3.70192695 3.10379815 0.11141798
v 3.80558681 3.10318160 0.11043244
v 3.93386388 3.12335873 0.09697093
v 3.89146304 3.07538843 0.10715963
v 2.12800145 3.19301653 0.09783936
v 2.19668007 3.21735716 0.10874823
v 2.29589152 3.19323516 0.11163521
v 2.40011811 3.19658518 0.11173628
v 2.50070882 3.20049667 0.11170676
v 2.60021424 3.20066166 0.11181393
v 2.70000196 3.20015335 0.11189432
v 2.79998064 3.19999170 0.11192553
v 2.89998889 3.19998765 0.11193493
v 2.99999380 3.19999909 0.11193679
v 3.09999585 3.20000458 0.11193430
v 3.19999433 3.19999409 0.11192638
v 3.29995370 3.19990706 0.11191001
v 3.39976048 3.19964528 0.11188464
v 3.49935508 3.19930553 0.11184835
v 3.59948611 3.20004463 0.11172773
v 3.70236397 3.20368195 0.11128962
v 3.80589247 3.20289278 0.11017735
v 3.93161845 3.22368503 0.09685735
v 3.89119482 3.17509151 0.10694940
v 2.13395333 3.29285765 0.09753445
v 2.19875336 3.31731033 0.10824996
v 2.29553962 3.29305100 0.11139934
v 2.39991164 3.29655695 0.11162277
v 2.50072813 3.30050349 0.11164828
v 2.60023832 3.30066371 0.11177898
v 2.70001197 3.30015373 0.11187103
v 2.79998946 3.29999137 0.11190770
v 2.89999747 3.29998612 0.11191920
v 2.99999690 3.29999042 0.11192157
v 3.09998298 3.29998040 0.11191878
v 3.19995046 3.29993391 0.11191022
v 3.29986691 3.29977489 0.11189307
v 3.39962816 3.29944921 0.11186504
v 3.49929237 3.29935884 0.11181582
v 3.59988880 3.30068612 0.11163297
v 3.70350313 3.30448294 0.11101026
v 3.80699849 3.30328155 0.10966302
v 3.92740393 3.32624054 0.09639534
v 3.89073348 3.27528501 0.10648968
v 2.14323902 3.39450455 0.09666149
v 2.20195007 3.41868281 0.10728867
v 2.29495931 3.39277554 0.11085188
v 2.39952898 3.39629555 0.11138961
v 2.50073481 3.40039802 0.11153403
v 2.60026884 3.40056944 0.11170803
v 2.70001197 3.40004849 0.11182051
v 2.79998302 3.39988208 0.11186804
v 2.89999032 3.39986992 0.11188560
v 2.99997878 3.39985323 0.11189206
v 3.09993482 3.39980483 0.11189249
v 3.19985151 3.39970303 0.11188553
v 3.29970050 3.39947462 0.11186648
v 3.39945745 3.39917827 0.11182263
v 3.49924326 3.39958191 0.11173373
v 3.60021043 3.40205407 0.11148728
v 3.70304084 3.40537858 0.11071912
v 3.80599332 3.40481591 0.10899965
v 3.92068434 3.42657948 0.09536122
v 3.88913417 3.37815499 0.10565324
v 2.15616870 3.49688435 0.09692613
v 2.20651579 3.52036333 0.10670620
v 2.29403853 3.49283934 0.11001976
v 2.39876390 3.49535275 0.11095295
v 2.50059319 3.49983621 0.11131207
v 2.60017824 3.50019336 0.11157100
v 2.69986343 3.49967027 0.11172613
v 2.79981804 3.49949050 0.11179663
v 2.89982510 3.49946952 0.11182798
v 2.99980354 3.49942684 0.11184549
v 3.09973574 3.49934053 0.11185526
v 3.19968939 3.49926829 0.11184905
v 3.29967904 3.49914551 0.11181761
v 3.39961028 3.49913073 0.11173500
v 3.49972773 3.50030017 0.11153793
v 3.60112000 3.50391817 0.11117994
v 3.70498514 3.50510788 0.11034137
v 3.79198480 3.48996449 0.10891213
v 3.91470051 3.49779129 0.09412456
v 3.89258075 3.54781175 0.09911577
v 3.87952852 3.48576021 0.10463449
v 2.17106700 3.57950139 0.09960360
v 2.18881631 3.65730476 0.09217187
v 2.21493673 3.62195444 0.10493836
v 2.29362082 3.59660268 0.10914578
v 2.39757681 3.59477854 0.11039943
v 2.50013852 3.59901905 0.11093134
v 2.59983063 3.59995365 0.11128671
v 2.69941497 3.59960794 0.11152799
v 2.79931283 3.59940362 0.11165636
v 2.89931202 3.59938073 0.11171659
v 2.99929023 3.59935975 0.11174690
v 3.09921741 3.59931684 0.11175676
v 3.19929576 3.59950614 0.11172418
v 3.29986501 3.59996605 0.11162806
v 3.40070987 3.60057473 0.11147181
v 3.50161743 3.60249305 0.11115449
v 3.60201025 3.60542393 0.11059149
v 3.70543742 3.60606766 0.10961745
v 3.86613655 3.62251973 0.09412908
v 3.81633377 3.57711363 0.10658477
v 2.23190451 3.71310997 0.09636333
v 2.29677057 3.71298909 0.10654719
v 2.39763141 3.70084023 0.10954893
v 2.50028133 3.70209146 0.11027451
v 2.60012054 3.70211124 0.11067355
v 2.69976139 3.70220184 0.11100614
v 2.79954147 3.70202637 0.11126740
v 2.89947820 3.70195222 0.11140374
v 2.99945545 3.70199108 0.11144694
v 3.09939170 3.70209765 0.11141440
v 3.19949245 3.70263457 0.11127473
v 3.30041695 3.70399785 0.11099192
v 3.40098929 3.70402455 0.11068527
v 3.50246191 3.70612669 0.11024234
v 3.60568285 3.70682430 0.10952356
v 3.69117427 3.69143558 0.10888632
v 3.83459234 3.70788908 0.09494080
v 3.79441833 3.75880003 0.09946240
v 3.78891897 3.69071603 0.10530554
v 2.27822852 3.77498984 0.09897896
v 2.30990815 3.81818867 0.09403501
v 2.32659936 3.80074596 0.10383363
v 2.37599969 3.84449649 0.09603328
v 2.39802456 3.79957342 0.10637626
v 2.46973395 3.87469316 0.09514432
v 2.50291800 3.81588554 0.10736290
v 2.60277057 3.80586958 0.10922870
v 2.70358562 3.80558205 0.10970882
v 2.80369115 3.80577612 0.11012813
v 2.90347481 3.80563736 0.11040966
v 3.00339270 3.80557704 0.11050529
v 3.10333872 3.80559278 0.11042657
v 3.20339012 3.80587125 0.11014496
v 3.30399370 3.80706692 0.10962684
v 3.40439653 3.80638695 0.10901380
v 3.48903537 3.79239297 0.10886086
v 3.59764481 3.87657881 0.09933463
v 3.59522581 3.81009316 0.10658274
v 3.75421691 3.80455780 0.09222446
v 3.67562199 3.84235072 0.09660197
v 3.71360683 3.77483654 0.10522458
v 2.53762841 3.89425659 0.09970366
v 2.59095335 3.91701031 0.09442423
v 2.60455775 3.88742065 0.10480054
v 2.67646956 3.92314506 0.09569837
v 2.70472550 3.88864636 0.10614684
v 2.78144312 3.92946625 0.09660429
v 2.80714154 3.89081645 0.10669953
v 2.88334465 3.93310380 0.09694466
v 2.90716815 3.89149642 0.10703703
v 2.98310137 3.93440366 0.09700946
v 3.00690722 3.89145947 0.10718893
v 3.08286190 3.93408918 0.09700133
v 3.10681224 3.89094925 0.10715282
v 3.18280268 3.93214393 0.09692178
v 3.20684004 3.88989830 0.10690146
v 3.28319073 3.92836976 0.09674790
v 3.30723929 3.88860345 0.10641877
v 3.38321662 3.92277956 0.09663097
v 3.40720248 3.88644481 0.10581762
v 3.54661036 3.90311074 0.09257140
v 3.47479892 3.91458440 0.09636151
v 3.51080298 3.87468505 0.10483005
f 1 603 614
f 1 2 604
f 603 1 604
f 2 3 605
f 604 2 605
f 3 4 606
f 605 3 606
f 4 5 607
f 606 4 607
f 5 6 608
f 607 5 608
f 6 7 609
f 608 6 609
f 7 8 610
f 609 7 610
f 8 9 611
f 610 8 611
f 9 10 612
f 611 9 612
f 612 10 616
f 11 613 620
f 11 12 615
f 613 11 615
f 614 615 12
f 614 12 1
f 1 12 13
f 2 1 14
f 14 1 13
f 3 2 15
f 15 2 14
f 4 3 16
f 16 3 15
f 5 4 17
f 17 4 16
f 6 5 18
f 18 5 17
f 7 6 19
f 19 6 18
f 8 7 20
f 20 7 19
f 9 8 21
f 21 8 20
f 10 9 22
f 22 9 21
f 617 616 10
f 617 10 23
f 23 10 22
f 23 24 618
f 617 23 618
f 24 25 619
f 618 24 619
f 619 25 622
f 26 621 623
f 620 621 26
f 620 26 11
f 11 26 27
f 12 11 28
f 28 11 27
f 13 12 29
f 29 12 28
f 14 13 30
f 30 13 29
f 15 14 31
f 31 14 30
f 16 15 32
f 32 15 31
f 17 16 33
f 33 16 32
f 18 17 34
f 34 17 33
f 19 18 35
f 35 18 34
f 20 19 36
f 36 19 35
f 21 20 37
f 37 20 36
f 22 21 38
f 38 21 37
f 23 22 39
f 39 22 38
f 24 23 40
f 40 23 39
f 25 24 41
f 41 24 40
f 624 622 25
f 41 624 25
f 42 26 623
f 626 42 623
f 27 26 43
f 43 26 42
f 28 27 44
f 44 27 43
f 29 28 45
f 45 28 44
f 30 29 46
f 46 29 45
f 31 30 47
f 47 30 46
f 32 31 48
f 48 31 47
f 33 32 49
f 49 32 48
f 34 33 50
f 50 33 49
f 35 34 51
f 51 34 50
f 36 35 52
f 52 35 51
f 37 36 53
f 53 36 52
f 38 37 54
f 54 37 53
f 39 38 55
f 55 38 54
f 40 39 56
f 56 39 55
f 41 40 57
f 57 40 56
f 625 624 41
f 625 41 58
f 58 41 57
f 625 58 628
f 59 627 629
f 626 627 59
f 626 59 42
f 42 59 60
f 43 42 61
f 61 42 60
f 44 43 62
f 62 43 61
f 45 44 63
f 63 44 62
f 46 45 64
f 64 45 63
f 47 46 65
f 65 46 64
f 48 47 66
f 66 47 65
f 49 48 67
f 67 48 66
f 50 49 68
f 68 49 67
f 51 50 69
f 69 50 68
f 52 51 70
f 70 51 69
f 53 52 71
f 71 52 70
f 54 53 72
f 72 53 71
f 55 54 73
f 73 54 72
f 56 55 74
f 74 55 73
f 57 56 75
f 75 56 74
f 58 57 76
f 76 57 75
f 630 628 58
f 76 630 58
f 77 59 629
f 631 77 629
f 60 59 78
f 78 59 77
f 61 60 79
f 79 60 78
f 62 61 80
f 80 61 79
f 63 62 81
f 81 62 80
f 64 63 82
f 82 63 81
f 65 64 83
f 83 64 82
f 66 65 84
f 84 65 83
f 67 66 85
f 85 66 84
f 68 67 86
f 86 67 85
f 69 68 87
f 87 68 86
f 70 69 88
f 88 69 87
f 71 70 89
f 89 70 88
f 72 71 90
f 90 71 89
f 73 72 91
f 91 72 90
f 74 73 92
f 92 73 91
f 75 74 93
f 93 74 92
f 76 75 94
f 94 75 93
f 632 630 76
f 94 632 76
f 95 77 631
f 633 95 631
f 78 77 96
f 96 77 95
f 79 78 97
f 97 78 96
f 80 79 98
f 98 79 97
f 81 80 99
f 99 80 98
f 82 81 100
f 100 81 99
f 83 82 101
f 101 82 100
f 84 83 102
f 102 83 101
f 85 84 103
f 103 84 102
f 86 85 104
f 104 85 103
f 87 86 105
f 105 86 104
f 88 87 106
f 106 87 105
f 89 88 107
f 107 88 106
f 90 89 108
f 108 89 107
f 91 90 109
f 109 90 108
f 92 91 110
f 110 91 109
f 93 92 111
f 111 92 110
f 94 93 112
f 112 93 111
f 634 632 94
f 112 634 94
f 113 95 633
f 635 113 633
f 96 95 114
f 114 95 113
f 97 96 115
f 115 96 114
f 98 97 116
f 116 97 115
f 99 98 117
f 117 98 116
f 100 99 118
f 118 99 117
f 101 100 119
f 119 100 118
f 102 101 120
f 120 101 119
f 103 102 121
f 121 102 120
f 104 103 122
f 122 103 121
f 105 104 123
f 123 104 122
f 106 105 124
f 124 105 123
f 107 106 125
f 125 106 124
f 108 107 126
f 126 107 125
f 109 108 127
f 127 108 126
f 110 109 128
f 128 109 127
f 111 110 129
f 129 110 128
f 112 111 130
f 130 111 129
f 636 634 112
f 130 636 112
f 131 113 635
f 637 131 635
f 114 113 132
f 132 113 131
f 115 114 133
f 133 114 132
f 116 115 134
f 134 115 133
f 117 116 135
f 135 116 134
f 118 117 136
f 136 117 135
f 119 118 137
f 137 118 136
f 120 119 138
f 138 119 137
f 121 120 139
f 139 120 138
f 122 121 140
f 140 121 139
f 123 122 141
f 141 122 140
f 124 123 142
f 142 123 141
f 125 124 143
f 143 124 142
f 126 125 144
f 144 125 143
f 127 126 145
f 145 126 144
f 128 127 146
f 146 127 145
f 129 128 147
f 147 128 146
f 130 129 148
f 148 129 147
f 638 636 130
f 148 638 130
f 149 131 637
f 639 149 637
f 132 131 150
f 150 131 149
f 133 132 151
f 151 132 150
f 134 133 152
f 152 133 151
f 135 134 153
f 153 134 152
f 136 135 154
f 154 135 153
f 137 136 155
f 155 136 154
f 138 137 156
f 156 137 155
f 139 138 157
f 157 138 156
f 140 139 158
f 158 139 157
f 141 140 159
f 159 140 158
f 142 141 160
f 160 141 159
f 143 142 161
f 161 142 160
f 144 143 162
f 162 143 161
f 145 144 163
f 163 144 162
f 146 145 164
f 164 145 163
f 147 146 165
f 165 146 164
f 148 147 166
f 166 147 165
f 640 638 148
f 166 640 148
f 167 149 639
f 641 167 639
f 150 149 168
f 168 149 167
f 151 150 169
f 169 150 168
f 152 151 170
f 170 151 169
f 153 152 171
f 171 152 170
f 154 153 172
f 172 153 171
f 155 154 173
f 173 154 172
f 156 155 174
f 174 155 173
f 157 156 175
f 175 156 174
f 158 157 176
f 176 157 175
f 159 158 177
f 177 158 176
f 160 159 178
f 178 159 177
f 161 160 179
f 179 160 178
f 162 161 180
f 180 161 179
f 163 162 181
f 181 162 180
f 164 163 182
f 182 163 181
f 165 164 183
f 183 164 182
f 166 165 184
f 184 165 183
f 642 640 166
f 184 642 166
f 185 167 641
f 643 185 641
f 168 167 186
f 186 167 185
f 169 168 187
f 187 168 186
f 170 169 188
f 188 169 187
f 171 170 189
f 189 170 188
f 172 171 190
f 190 171 189
f 173 172 191
f 191 172 190
f 174 173 192
f 192 173 191
f 175 174 193
f 193 174 192
f 176 175 194
f 194 175 193
f 177 176 195
f 195 176 194
f 178 177 196
f 196 177 195
f 179 178 197
f 197 178 196
f 180 179 198
f 198 179 197
f 181 180 199
f 199 180 198
f 182 181 200
f 200 181 199
f 183 182 201
f 201 182 200
f 184 183 202
f 202 183 201
f 644 642 184
f 202 644 184
f 203 185 643
f 645 203 643
f 186 185 204
f 204 185 203
f 187 186 205
f 205 186 204
f 188 187 206
f 206 187 205
f 189 188 207
f 207 188 206
f 190 189 208
f 208 189 207
f 191 190 209
f 209 190 208
f 192 191 210
f 210 191 209
f 193 192 211
f 211 192 210
f 194 193 212
f 212 193 211
f 195 194 213
f 213 194 212
f 196 195 214
f 214 195 213
f 197 196 215
f 215 196 214
f 198 197 216
f 216 197 215
f 199 198 217
f 217 198 216
f 200 199 218
f 218 199 217
f 201 200 219
f 219 200 218
f 202 201 220
f 220 201 219
f 646 644 202
f 220 646 202
f 221 203 645
f 647 221 645
f 204 203 222
f 222 203 221
f 205 204 223
f 223 204 222
f 206 205 224
f 224 205 223
f 207 206 225
f 225 206 224
f 208 207 226
f 226 207 225
f 209 208 227
f 227 208 226
f 210 209 228
f 228 209 227
f 211 210 229
f 229 210 228
f 212 211 230
f 230 211 229
f 213 212 231
f 231 212 230
f 214 213 232
f 232 213 231
f 215 214 233
f 233 214 232
f 216 215 234
f 234 215 233
f 217 216 235
f 235 216 234
f 218 217 236
f 236 217 235
f 219 218 237
f 237 218 236
f 220 219 238
f 238 219 237
f 649 646 220
f 238 649 220
f 221 647 648
f 648 650 239
f 648 239 221
f 221 239 222
f 223 222 240
f 240 222 239
f 224 223 241
f 241 223 240
f 225 224 242
f 242 224 241
f 226 225 243
f 243 225 242
f 227 226 244
f 244 226 243
f 228 227 245
f 245 227 244
f 229 228 246
f 246 228 245
f 230 229 247
f 247 229 246
f 231 230 248
f 248 230 247
f 232 231 249
f 249 231 248
f 233 232 250
f 250 232 249
f 234 233 251
f 251 233 250
f 235 234 252
f 252 234 251
f 236 235 253
f 253 235 252
f 237 236 254
f 254 236 253
f 238 237 255
f 255 237 254
f 651 649 238
f 255 651 238
f 256 239 650
f 652 256 650
f 240 239 257
f 257 239 256
f 241 240 258
f 258 240 257
f 242 241 259
f 259 241 258
f 243 242 260
f 260 242 259
f 244 243 261
f 261 243 260
f 245 244 262
f 262 244 261
f 246 245 263
f 263 245 262
f 247 246 264
f 264 246 263
f 248 247 265
f 265 247 264
f 249 248 266
f 266 248 265
f 250 249 267
f 267 249 266
f 251 250 268
f 268 250 267
f 252 251 269
f 269 251 268
f 253 252 270
f 270 252 269
f 254 253 271
f 271 253 270
f 255 254 272
f 272 254 271
f 653 651 255
f 272 653 255
f 273 256 652
f 655 273 652
f 257 256 274
f 274 256 273
f 258 257 275
f 275 257 274
f 259 258 276
f 276 258 275
f 260 259 277
f 277 259 276
f 261 260 278
f 278 260 277
f 262 261 279
f 279 261 278
f 263 262 280
f 280 262 279
f 264 263 281
f 281 263 280
f 265 264 282
f 282 264 281
f 266 265 283
f 283 265 282
f 267 266 284
f 284 266 283
f 268 267 285
f 285 267 284
f 269 268 286
f 286 268 285
f 270 269 287
f 287 269 286
f 271 270 288
f 288 270 287
f 658 654 272
f 658 272 288
f 288 272 271
f 653 272 654
f 273 655 656
f 274 273 656
f 657 274 656
f 657 660 289
f 657 289 274
f 274 289 275
f 276 275 290
f 290 275 289
f 277 276 291
f 291 276 290
f 278 277 292
f 292 277 291
f 279 278 293
f 293 278 292
f 280 279 294
f 294 279 293
f 281 280 295
f 295 280 294
f 282 281 296
f 296 281 295
f 283 282 297
f 297 282 296
f 284 283 298
f 298 283 297
f 285 284 299
f 299 284 298
f 286 285 300
f 300 285 299
f 287 286 301
f 301 286 300
f 673 659 288
f 673 288 301
f 301 288 287
f 658 288 659
f 289 660 661
f 290 289 661
f 662 290 661
f 291 290 662
f 663 291 662
f 292 291 663
f 664 292 663
f 293 292 664
f 665 293 664
f 294 293 665
f 666 294 665
f 295 294 666
f 667 295 666
f 296 295 667
f 668 296 667
f 297 296 668
f 669 297 668
f 298 297 669
f 670 298 669
f 299 298 670
f 671 299 670
f 300 299 671
f 672 300 671
f 301 300 672
f 674 301 672
f 673 301 674
f 302 675 688
f 302 303 676
f 675 302 676
f 303 304 677
f 676 303 677
f 304 305 678
f 677 304 678
f 305 306 679
f 678 305 679
f 306 307 680
f 679 306 680
f 307 308 681
f 680 307 681
f 308 309 682
f 681 308 682
f 309 310 683
f 682 309 683
f 310 311 684
f 683 310 684
f 311 312 685
f 684 311 685
f 312 313 686
f 685 312 686
f 313 314 687
f 686 313 687
f 687 314 690
f 315 689 693
f 688 689 315
f 688 315 302
f 302 315 316
f 303 302 317
f 317 302 316
f 304 303 318
f 318 303 317
f 305 304 319
f 319 304 318
f 306 305 320
f 320 305 319
f 307 306 321
f 321 306 320
f 308 307 322
f 322 307 321
f 309 308 323
f 323 308 322
f 310 309 324
f 324 309 323
f 311 310 325
f 325 310 324
f 312 311 326
f 326 311 325
f 313 312 327
f 327 312 326
f 314 313 328
f 328 313 327
f 691 690 314
f 691 314 329
f 329 314 328
f 329 330 692
f 691 329 692
f 692 330 695
f 331 694 696
f 693 694 331
f 693 331 315
f 315 331 332
f 316 315 333
f 333 315 332
f 317 316 334
f 334 316 333
f 318 317 335
f 335 317 334
f 319 318 336
f 336 318 335
f 320 319 337
f 337 319 336
f 321 320 338
f 338 320 337
f 322 321 339
f 339 321 338
f 323 322 340
f 340 322 339
f 324 323 341
f 341 323 340
f 325 324 342
f 342 324 341
f 326 325 343
f 343 325 342
f 327 326 344
f 344 326 343
f 328 327 345
f 345 327 344
f 329 328 346
f 346 328 345
f 330 329 347
f 347 329 346
f 697 695 330
f 347 697 330
f 348 331 696
f 698 348 696
f 332 331 349
f 349 331 348
f 333 332 350
f 350 332 349
f 334 333 351
f 351 333 350
f 335 334 352
f 352 334 351
f 336 335 353
f 353 335 352
f 337 336 354
f 354 336 353
f 338 337 355
f 355 337 354
f 339 338 356
f 356 338 355
f 340 339 357
f 357 339 356
f 341 340 358
f 358 340 357
f 342 341 359
f 359 341 358
f 343 342 360
f 360 342 359
f 344 343 361
f 361 343 360
f 345 344 362
f 362 344 361
f 346 345 363
f 363 345 362
f 347 346 364
f 364 346 363
f 699 697 347
f 364 699 347
f 365 348 698
f 701 365 698
f 349 348 366
f 366 348 365
f 350 349 367
f 367 349 366
f 351 350 368
f 368 350 367
f 352 351 369
f 369 351 368
f 353 352 370
f 370 352 369
f 354 353 371
f 371 353 370
f 355 354 372
f 372 354 371
f 356 355 373
f 373 355 372
f 357 356 374
f 374 356 373
f 358 357 375
f 375 357 374
f 359 358 376
f 376 358 375
f 360 359 377
f 377 359 376
f 361 360 378
f 378 360 377
f 362 361 379
f 379 361 378
f 363 362 380
f 380 362 379
f 364 363 381
f 381 363 380
f 700 699 364
f 700 364 382
f 382 364 381
f 700 382 702
f 383 365 701
f 703 383 701
f 366 365 384
f 384 365 383
f 367 366 385
f 385 366 384
f 368 367 386
f 386 367 385
f 369 368 387
f 387 368 386
f 370 369 388
f 388 369 387
f 371 370 389
f 389 370 388
f 372 371 390
f 390 371 389
f 373 372 391
f 391 372 390
f 374 373 392
f 392 373 391
f 375 374 393
f 393 374 392
f 376 375 394
f 394 375 393
f 377 376 395
f 395 376 394
f 378 377 396
f 396 377 395
f 379 378 397
f 397 378 396
f 380 379 398
f 398 379 397
f 381 380 399
f 399 380 398
f 382 381 400
f 400 381 399
f 704 702 382
f 400 704 382
f 401 383 703
f 705 401 703
f 384 383 402
f 402 383 401
f 385 384 403
f 403 384 402
f 386 385 404
f 404 385 403
f 387 386 405
f 405 386 404
f 388 387 406
f 406 387 405
f 389 388 407
f 407 388 406
f 390 389 408
f 408 389 407
f 391 390 409
f 409 390 408
f 392 391 410
f 410 391 409
f 393 392 411
f 411 392 410
f 394 393 412
f 412 393 411
f 395 394 413
f 413 394 412
f 396 395 414
f 414 395 413
f 397 396 415
f 415 396 414
f 398 397 416
f 416 397 415
f 399 398 417
f 417 398 416
f 400 399 418
f 418 399 417
f 706 704 400
f 418 706 400
f 419 401 705
f 707 419 705
f 402 401 420
f 420 401 419
f 403 402 421
f 421 402 420
f 404 403 422
f 422 403 421
f 405 404 423
f 423 404 422
f 406 405 424
f 424 405 423
f 407 406 425
f 425 406 424
f 408 407 426
f 426 407 425
f 409 408 427
f 427 408 426
f 410 409 428
f 428 409 427
f 411 410 429
f 429 410 428
f 412 411 430
f 430 411 429
f 413 412 431
f 431 412 430
f 414 413 432
f 432 413 431
f 415 414 433
f 433 414 432
f 416 415 434
f 434 415 433
f 417 416 435
f 435 416 434
f 418 417 436
f 436 417 435
f 708 706 418
f 436 708 418
f 437 419 707
f 709 437 707
f 420 419 438
f 438 419 437
f 421 420 439
f 439 420 438
f 422 421 440
f 440 421 439
f 423 422 441
f 441 422 440
f 424 423 442
f 442 423 441
f 425 424 443
f 443 424 442
f 426 425 444
f 444 425 443
f 427 426 445
f 445 426 444
f 428 427 446
f 446 427 445
f 429 428 447
f 447 428 446
f 430 429 448
f 448 429 447
f 431 430 449
f 449 430 448
f 432 431 450
f 450 431 449
f 433 432 451
f 451 432 450
f 434 433 452
f 452 433 451
f 435 434 453
f 453 434 452
f 436 435 454
f 454 435 453
f 710 708 436
f 454 710 436
f 455 437 709
f 711 455 709
f 438 437 456
f 456 437 455
f 439 438 457
f 457 438 456
f 440 439 458
f 458 439 457
f 441 440 459
f 459 440 458
f 442 441 460
f 460 441 459
f 443 442 461
f 461 442 460
f 444 443 462
f 462 443 461
f 445 444 463
f 463 444 462
f 446 445 464
f 464 445 463
f 447 446 465
f 465 446 464
f 448 447 466
f 466 447 465
f 449 448 467
f 467 448 466
f 450 449 468
f 468 449 467
f 451 450 469
f 469 450 468
f 452 451 470
f 470 451 469
f 453 452 471
f 471 452 470
f 454 453 472
f 472 453 471
f 712 710 454
f 472 712 454
f 473 455 711
f 713 473 711
f 456 455 474
f 474 455 473
f 457 456 475
f 475 456 474
f 458 457 476
f 476 457 475
f 459 458 477
f 477 458 476
f 460 459 478
f 478 459 477
f 461 460 479
f 479 460 478
f 462 461 480
f 480 461 479
f 463 462 481
f 481 462 480
f 464 463 482
f 482 463 481
f 465 464 483
f 483 464 482
f 466 465 484
f 484 465 483
f 467 466 485
f 485 466 484
f 468 467 486
f 486 467 485
f 469 468 487
f 487 468 486
f 470 469 488
f 488 469 487
f 471 470 489
f 489 470 488
f 472 471 490
f 490 471 489
f 714 712 472
f 490 714 472
f 491 473 713
f 715 491 713
f 474 473 492
f 492 473 491
f 475 474 493
f 493 474 492
f 476 475 494
f 494 475 493
f 477 476 495
f 495 476 494
f 478 477 496
f 496 477 495
f 479 478 497
f 497 478 496
f 480 479 498
f 498 479 497
f 481 480 499
f 499 480 498
f 482 481 500
f 500 481 499
f 483 482 501
f 501 482 500
f 484 483 502
f 502 483 501
f 485 484 503
f 503 484 502
f 486 485 504
f 504 485 503
f 487 486 505
f 505 486 504
f 488 487 506
f 506 487 505
f 489 488 507
f 507 488 506
f 490 489 508
f 508 489 507
f 716 714 490
f 508 716 490
f 509 491 715
f 717 509 715
f 492 491 510
f 510 491 509
f 493 492 511
f 511 492 510
f 494 493 512
f 512 493 511
f 495 494 513
f 513 494 512
f 496 495 514
f 514 495 513
f 497 496 515
f 515 496 514
f 498 497 516
f 516 497 515
f 499 498 517
f 517 498 516
f 500 499 518
f 518 499 517
f 501 500 519
f 519 500 518
f 502 501 520
f 520 501 519
f 503 502 521
f 521 502 520
f 504 503 522
f 522 503 521
f 505 504 523
f 523 504 522
f 506 505 524
f 524 505 523
f 507 506 525
f 525 506 524
f 508 507 526
f 526 507 525
f 718 716 508
f 526 718 508
f 527 509 717
f 719 527 717
f 510 509 528
f 528 509 527
f 511 510 529
f 529 510 528
f 512 511 530
f 530 511 529
f 513 512 531
f 531 512 530
f 514 513 532
f 532 513 531
f 515 514 533
f 533 514 532
f 516 515 534
f 534 515 533
f 517 516 535
f 535 516 534
f 518 517 536
f 536 517 535
f 519 518 537
f 537 518 536
f 520 519 538
f 538 519 537
f 521 520 539
f 539 520 538
f 522 521 540
f 540 521 539
f 523 522 541
f 541 522 540
f 524 523 542
f 542 523 541
f 525 524 543
f 543 524 542
f 526 525 544
f 544 525 543
f 720 718 526
f 544 720 526
f 545 527 719
f 722 545 719
f 528 527 546
f 546 527 545
f 529 528 547
f 547 528 546
f 530 529 548
f 548 529 547
f 531 530 549
f 549 530 548
f 532 531 550
f 550 531 549
f 533 532 551
f 551 532 550
f 534 533 552
f 552 533 551
f 535 534 553
f 553 534 552
f 536 535 554
f 554 535 553
f 537 536 555
f 555 536 554
f 538 537 556
f 556 537 555
f 539 538 557
f 557 538 556
f 540 539 558
f 558 539 557
f 541 540 559
f 559 540 558
f 542 541 560
f 560 541 559
f 543 542 561
f 561 542 560
f 724 721 544
f 724 544 561
f 561 544 543
f 720 544 721
f 545 722 723
f 723 725 562
f 723 562 545
f 545 562 546
f 547 546 563
f 563 546 562
f 548 547 564
f 564 547 563
f 549 548 565
f 565 548 564
f 550 549 566
f 566 549 565
f 551 550 567
f 567 550 566
f 552 551 568
f 568 551 567
f 553 552 569
f 569 552 568
f 554 553 570
f 570 553 569
f 555 554 571
f 571 554 570
f 556 555 572
f 572 555 571
f 557 556 573
f 573 556 572
f 558 557 574
f 574 557 573
f 559 558 575
f 575 558 574
f 560 559 576
f 576 559 575
f 561 560 577
f 577 560 576
f 726 724 561
f 577 726 561
f 578 562 725
f 728 578 725
f 563 562 579
f 579 562 578
f 564 563 580
f 580 563 579
f 565 564 581
f 581 564 580
f 566 565 582
f 582 565 581
f 567 566 583
f 583 566 582
f 568 567 584
f 584 567 583
f 569 568 585
f 585 568 584
f 570 569 586
f 586 569 585
f 571 570 587
f 587 570 586
f 572 571 588
f 588 571 587
f 573 572 589
f 589 572 588
f 574 573 590
f 590 573 589
f 575 574 591
f 591 574 590
f 576 575 592
f 592 575 591
f 733 727 577
f 733 577 592
f 592 577 576
f 726 577 727
f 578 728 729
f 579 578 729
f 730 579 729
f 580 579 730
f 731 580 730
f 731 735 593
f 731 593 580
f 580 593 581
f 582 581 594
f 594 581 593
f 583 582 595
f 595 582 594
f 584 583 596
f 596 583 595
f 585 584 597
f 597 584 596
f 586 585 598
f 598 585 597
f 587 586 599
f 599 586 598
f 588 587 600
f 600 587 599
f 589 588 601
f 601 588 600
f 590 589 602
f 602 589 601
f 745 732 591
f 745 591 602
f 602 591 590
f 592 591 732
f 734 592 732
f 733 592 734
f 593 735 736
f 594 593 736
f 737 594 736
f 595 594 737
f 738 595 737
f 596 595 738
f 739 596 738
f 597 596 739
f 740 597 739
f 598 597 740
f 741 598 740
f 599 598 741
f 742 599 741
f 600 599 742
f 743 600 742
f 601 600 743
f 744 601 743
f 602 601 744
f 746 602 744
f 745 602 746
f 603 747 758
f 614 603 758
f 604 748 603
f 603 748 747
f 605 749 604
f 604 749 748
f 606 750 605
f 605 750 749
f 607 751 606
f 606 751 750
f 608 752 607
f 607 752 751
f 609 753 608
f 608 753 752
f 610 754 609
f 609 754 753
f 611 755 610
f 610 755 754
f 612 756 611
f 611 756 755
f 756 612 616
f 760 756 616
f 613 757 764
f 620 613 764
f 615 759 613
f 613 759 757
f 758 615 614
f 759 615 758
f 616 761 760
f 617 761 616
f 618 762 617
f 617 762 761
f 619 763 618
f 618 763 762
f 763 619 622
f 766 763 622
f 621 765 767
f 623 621 767
f 764 621 620
f 765 621 764
f 622 624 766
f 766 624 768
f 623 767 626
f 767 770 626
f 624 769 768
f 625 769 624
f 769 625 628
f 772 769 628
f 627 771 773
f 629 627 773
f 770 627 626
f 771 627 770
f 628 630 772
f 772 630 774
f 629 773 631
f 773 775 631
f 630 632 774
f 774 632 776
f 631 775 633
f 775 777 633
f 632 634 776
f 776 634 778
f 633 777 635
f 777 779 635
f 634 636 778
f 778 636 780
f 635 779 637
f 779 781 637
f 636 638 780
f 780 638 782
f 637 781 639
f 781 783 639
f 638 640 782
f 782 640 784
f 639 783 641
f 783 785 641
f 640 642 784
f 784 642 786
f 641 785 643
f 785 787 643
f 642 644 786
f 786 644 788
f 643 787 645
f 787 789 645
f 644 646 788
f 788 646 790
f 645 789 647
f 789 791 647
f 646 649 790
f 790 649 793
f 647 791 792
f 648 647 792
f 792 650 648
f 794 650 792
f 649 651 793
f 793 651 795
f 650 794 652
f 794 796 652
f 651 653 795
f 795 653 797
f 652 796 655
f 796 799 655
f 654 802 798
f 658 802 654
f 797 653 654
f 798 797 654
f 655 799 800
f 656 655 800
f 657 656 801
f 656 800 801
f 801 660 657
f 804 660 801
f 659 817 803
f 673 817 659
f 802 658 659
f 803 802 659
f 660 804 805
f 661 660 805
f 662 661 806
f 661 805 806
f 663 662 807
f 662 806 807
f 664 663 808
f 663 807 808
f 665 664 809
f 664 808 809
f 666 665 810
f 665 809 810
f 667 666 811
f 666 810 811
f 668 667 812
f 667 811 812
f 669 668 813
f 668 812 813
f 670 669 814
f 669 813 814
f 671 670 815
f 670 814 815
f 672 671 816
f 671 815 816
f 674 672 818
f 672 816 818
f 817 673 674
f 818 817 674
f 675 819 832
f 688 675 832
f 676 820 675
f 675 820 819
f 677 821 676
f 676 821 820
f 678 822 677
f 677 822 821
f 679 823 678
f 678 823 822
f 680 824 679
f 679 824 823
f 681 825 680
f 680 825 824
f 682 826 681
f 681 826 825
f 683 827 682
f 682 827 826
f 684 828 683
f 683 828 827
f 685 829 684
f 684 829 828
f 686 830 685
f 685 830 829
f 687 831 686
f 686 831 830
f 831 687 690
f 834 831 690
f 689 833 837
f 693 689 837
f 832 689 688
f 833 689 832
f 690 835 834
f 691 835 690
f 692 836 691
f 691 836 835
f 836 692 695
f 839 836 695
f 694 838 840
f 696 694 840
f 837 694 693
f 838 694 837
f 695 697 839
f 839 697 841
f 696 840 698
f 840 842 698
f 697 699 841
f 841 699 843
f 698 842 701
f 842 845 701
f 699 844 843
f 700 844 699
f 844 700 702
f 846 844 702
f 701 845 703
f 845 847 703
f 702 704 846
f 846 704 848
f 703 847 705
f 847 849 705
f 704 706 848
f 848 706 850
f 705 849 707
f 849 851 707
f 706 708 850
f 850 708 852
f 707 851 709
f 851 853 709
f 708 710 852
f 852 710 854
f 709 853 711
f 853 855 711
f 710 712 854
f 854 712 856
f 711 855 713
f 855 857 713
f 712 714 856
f 856 714 858
f 713 857 715
f 857 859 715
f 714 716 858
f 858 716 860
f 715 859 717
f 859 861 717
f 716 718 860
f 860 718 862
f 717 861 719
f 861 863 719
f 718 720 862
f 862 720 864
f 719 863 722
f 863 866 722
f 721 868 865
f 724 868 721
f 864 720 721
f 865 864 721
f 722 866 867
f 723 722 867
f 867 725 723
f 869 725 867
f 724 726 868
f 868 726 870
f 725 869 728
f 869 872 728
f 727 877 871
f 733 877 727
f 870 726 727
f 871 870 727
f 728 872 873
f 729 728 873
f 730 729 874
f 729 873 874
f 731 730 875
f 730 874 875
f 875 735 731
f 879 735 875
f 732 889 876
f 745 889 732
f 734 732 878
f 732 876 878
f 877 733 734
f 878 877 734
f 735 879 880
f 736 735 880
f 737 736 881
f 736 880 881
f 738 737 882
f 737 881 882
f 739 738 883
f 738 882 883
f 740 739 884
f 739 883 884
f 741 740 885
f 740 884 885
f 742 741 886
f 741 885 886
f 743 742 887
f 742 886 887
f 744 743 888
f 743 887 888
f 746 744 890
f 744 888 890
f 889 745 746
f 890 889 746
f 747 891 902
f 758 747 902
f 748 892 747
f 747 892 891
f 749 893 748
f 748 893 892
f 750 894 749
f 749 894 893
f 751 895 750
f 750 895 894
f 752 896 751
f 751 896 895
f 753 897 752
f 752 897 896
f 754 898 753
f 753 898 897
f 755 899 754
f 754 899 898
f 756 900 755
f 755 900 899
f 900 756 760
f 904 900 760
f 757 901 908
f 764 757 908
f 759 903 757
f 757 903 901
f 902 759 758
f 903 759 902
f 760 905 904
f 761 905 760
f 762 906 761
f 761 906 905
f 763 907 762
f 762 907 906
f 907 763 766
f 910 907 766
f 765 909 911
f 767 765 911
f 908 765 764
f 909 765 908
f 766 768 910
f 910 768 912
f 767 911 770
f 911 914 770
f 768 913 912
f 769 913 768
f 913 769 772
f 916 913 772
f 771 915 917
f 773 771 917
f 914 771 770
f 915 771 914
f 772 774 916
f 916 774 918
f 773 917 775
f 917 919 775
f 774 776 918
f 918 776 920
f 775 919 777
f 919 921 777
f 776 778 920
f 920 778 922
f 777 921 779
f 921 923 779
f 778 780 922
f 922 780 924
f 779 923 781
f 923 925 781
f 780 782 924
f 924 782 926
f 781 925 783
f 925 927 783
f 782 784 926
f 926 784 928
f 783 927 785
f 927 929 785
f 784 786 928
f 928 786 930
f 785 929 787
f 929 931 787
f 786 788 930
f 930 788 932
f 787 931 789
f 931 933 789
f 788 790 932
f 932 790 934
f 789 933 791
f 933 935 791
f 790 793 934
f 934 793 937
f 791 935 936
f 792 791 936
f 936 794 792
f 938 794 936
f 793 795 937
f 937 795 939
f 794 938 796
f 938 940 796
f 795 797 939
f 939 797 941
f 796 940 799
f 940 943 799
f 798 946 942
f 802 946 798
f 941 797 798
f 942 941 798
f 799 943 944
f 800 799 944
f 801 800 945
f 800 944 945
f 945 804 801
f 948 804 945
f 803 961 947
f 817 961 803
f 946 802 803
f 947 946 803
f 804 948 949
f 805 804 949
f 806 805 950
f 805 949 950
f 807 806 951
f 806 950 951
f 808 807 952
f 807 951 952
f 809 808 953
f 808 952 953
f 810 809 954
f 809 953 954
f 811 810 955
f 810 954 955
f 812 811 956
f 811 955 956
f 813 812 957
f 812 956 957
f 814 813 958
f 813 957 958
f 815 814 959
f 814 958 959
f 816 815 960
f 815 959 960
f 818 816 962
f 816 960 962
f 961 817 818
f 962 961 818
f 819 963 976
f 832 819 976
f 820 964 819
f 819 964 963
f 821 965 820
f 820 965 964
f 822 966 821
f 821 966 965
f 823 967 822
f 822 967 966
f 824 968 823
f 823 968 967
f 825 969 824
f 824 969 968
f 826 970 825
f 825 970 969
f 827 971 826
f 826 971 970
f 828 972 827
f 827 972 971
f 829 973 828
f 828 973 972
f 830 974 829
f 829 974 973
f 831 975 830
f 830 975 974
f 975 831 834
f 978 975 834
f 833 977 981
f 837 833 981
f 976 833 832
f 977 833 976
f 834 979 978
f 835 979 834
f 836 980 835
f 835 980 979
f 980 836 839
f 983 980 839
f 838 982 984
f 840 838 984
f 981 838 837
f 982 838 981
f 839 841 983
f 983 841 985
f 840 984 842
f 984 986 842
f 841 843 985
f 985 843 987
f 842 986 845
f 986 989 845
f 843 988 987
f 844 988 843
f 988 844 846
f 990 988 846
f 845 989 847
f 989 991 847
f 846 848 990
f 990 848 992
f 847 991 849
f 991 993 849
f 848 850 992
f 992 850 994
f 849 993 851
f 993 995 851
f 850 852 994
f 994 852 996
f 851 995 853
f 995 997 853
f 852 854 996
f 996 854 998
f 853 997 855
f 997 999 855
f 854 856 998
f 998 856 1000
f 855 999 857
f 999 1001 857
f 856 858 1000
f 1000 858 1002
f 857 1001 859
f 1001 1003 859
f 858 860 1002
f 1002 860 1004
f 859 1003 861
f 1003 1005 861
f 860 862 1004
f 1004 862 1006
f 861 1005 863
f 1005 1007 863
f 862 864 1006
f 1006 864 1008
f 863 1007 866
f 1007 1010 866
f 865 1012 1009
f 868 1012 865
f 1008 864 865
f 1009 1008 865
f 866 1010 1011
f 867 866 1011
f 1011 869 867
f 1013 869 1011
f 868 870 1012
f 1012 870 1014
f 869 1013 872
f 1013 1016 872
f 871 1021 1015
f 877 1021 871
f 1014 870 871
f 1015 1014 871
f 872 1016 1017
f 873 872 1017
f 874 873 1018
f 873 1017 1018
f 875 874 1019
f 874 1018 1019
f 1019 879 875
f 1023 879 1019
f 876 1033 1020
f 889 1033 876
f 878 876 1022
f 876 1020 1022
f 1021 877 878
f 1022 1021 878
f 879 1023 1024
f 880 879 1024
f 881 880 1025
f 880 1024 1025
f 882 881 1026
f 881 1025 1026
f 883 882 1027
f 882 1026 1027
f 884 883 1028
f 883 1027 1028
f 885 884 1029
f 884 1028 1029
f 886 885 1030
f 885 1029 1030
f 887 886 1031
f 886 1030 1031
f 888 887 1032
f 887 1031 1032
f 890 888 1034
f 888 1032 1034
f 1033 889 890
f 1034 1033 890
f 891 1035 1046
f 902 891 1046
f 892 1036 891
f 891 1036 1035
f 893 1037 892
f 892 1037 1036
f 894 1038 893
f 893 1038 1037
f 895 1039 894
f 894 1039 1038
f 896 1040 895
f 895 1040 1039
f 897 1041 896
f 896 1041 1040
f 898 1042 897
f 897 1042 1041
f 899 1043 898
f 898 1043 1042
f 900 1044 899
f 899 1044 1043
f 1044 900 904
f 1048 1044 904
f 901 1045 1052
f 908 901 1052
f 903 1047 901
f 901 1047 1045
f 1046 903 902
f 1047 903 1046
f 904 1049 1048
f 905 1049 904
f 906 1050 905
f 905 1050 1049
f 907 1051 906
f 906 1051 1050
f 1051 907 910
f 1054 1051 910
f 909 1053 1055
f 911 909 1055
f 1052 909 908
f 1053 909 1052
f 910 912 1054
f 1054 912 1056
f 911 1055 914
f 1055 1058 914
f 912 1057 1056
f 913 1057 912
f 1057 913 916
f 1060 1057 916
f 915 1059 1061
f 917 915 1061
f 1058 915 914
f 1059 915 1058
f 916 918 1060
f 1060 918 1062
f 917 1061 919
f 1061 1063 919
f 918 920 1062
f 1062 920 1064
f 919 1063 921
f 1063 1065 921
f 920 922 1064
f 1064 922 1066
f 921 1065 923
f 1065 1067 923
f 922 924 1066
f 1066 924 1068
f 923 1067 925
f 1067 1069 925
f 924 926 1068
f 1068 926 1070
f 925 1069 927
f 1069 1071 927
f 926 928 1070
f 1070 928 1072
f 927 1071 929
f 1071 1073 929
f 928 930 1072
f 1072 930 1074
f 929 1073 931
f 1073 1075 931
f 930 932 1074
f 1074 932 1076
f 931 1075 933
f 1075 1077 933
f 932 934 1076
f 1076 934 1078
f 933 1077 935
f 1077 1079 935
f 934 937 1078
f 1078 937 1081
f 935 1079 1080
f 936 935 1080
f 1080 938 936
f 1082 938 1080
f 937 939 1081
f 1081 939 1083
f 938 1082 940
f 1082 1084 940
f 939 941 1083
f 1083 941 1085
f 940 1084 943
f 1084 1087 943
f 942 1090 1086
f 946 1090 942
f 1085 941 942
f 1086 1085 942
f 943 1087 1088
f 944 943 1088
f 945 944 1089
f 944 1088 1089
f 1089 948 945
f 1092 948 1089
f 947 1105 1091
f 961 1105 947
f 1090 946 947
f 1091 1090 947
f 948 1092 1093
f 949 948 1093
f 950 949 1094
f 949 1093 1094
f 951 950 1095
f 950 1094 1095
f 952 951 1096
f 951 1095 1096
f 953 952 1097
f 952 1096 1097
f 954 953 1098
f 953 1097 1098
f 955 954 1099
f 954 1098 1099
f 956 955 1100
f 955 1099 1100
f 957 956 1101
f 956 1100 1101
f 958 957 1102
f 957 1101 1102
f 959 958 1103
f 958 1102 1103
f 960 959 1104
f 959 1103 1104
f 962 960 1106
f 960 1104 1106
f 1105 961 962
f 1106 1105 962
f 963 1107 1120
f 976 963 1120
f 964 1108 963
f 963 1108 1107
f 965 1109 964
f 964 1109 1108
f 966 1110 965
f 965 1110 1109
f 967 1111 966
f 966 1111 1110
f 968 1112 967
f 967 1112 1111
f 969 1113 968
f 968 1113 1112
f 970 1114 969
f 969 1114 1113
f 971 1115 970
f 970 1115 1114
f 972 1116 971
f 971 1116 1115
f 973 1117 972
f 972 1117 1116
f 974 1118 973
f 973 1118 1117
f 975 1119 974
f 974 1119 1118
f 1119 975 978
f 1122 1119 978
f 977 1121 1125
f 981 977 1125
f 1120 977 976
f 1121 977 1120
f 978 1123 1122
f 979 1123 978
f 980 1124 979
f 979 1124 1123
f 1124 980 983
f 1127 1124 983
f 982 1126 1128
f 984 982 1128
f 1125 982 981
f 1126 982 1125
f 983 985 1127
f 1127 985 1129
f 984 1128 986
f 1128 1130 986
f 985 987 1129
f 1129 987 1131
f 986 1130 989
f 1130 1133 989
f 987 1132 1131
f 988 1132 987
f 1132 988 990
f 1134 1132 990
f 989 1133 991
f 1133 1135 991
f 990 992 1134
f 1134 992 1136
f 991 1135 993
f 1135 1137 993
f 992 994 1136
f 1136 994 1138
f 993 1137 995
f 1137 1139 995
f 994 996 1138
f 1138 996 1140
f 995 1139 997
f 1139 1141 997
f 996 998 1140
f 1140 998 1142
f 997 1141 999
f 1141 1143 999
f 998 1000 1142
f 1142 1000 1144
f 999 1143 1001
f 1143 1145 1001
f 1000 1002 1144
f 1144 1002 1146
f 1001 1145 1003
f 1145 1147 1003
f 1002 1004 1146
f 1146 1004 1148
f 1003 1147 1005
f 1147 1149 1005
f 1004 1006 1148
f 1148 1006 1150
f 1005 1149 1007
f 1149 1151 1007
f 1006 1008 1150
f 1150 1008 1152
f 1007 1151 1010
f 1151 1154 1010
f 1009 1156 1153
f 1012 1156 1009
f 1152 1008 1009
f 1153 1152 1009
f 1010 1154 1155
f 1011 1010 1155
f 1155 1013 1011
f 1157 1013 1155
f 1012 1014 1156
f 1156 1014 1158
f 1013 1157 1016
f 1157 1160 1016
f 1015 1165 1159
f 1021 1165 1015
f 1158 1014 1015
f 1159 1158 1015
f 1016 1160 1161
f 1017 1016 1161
f 1018 1017 1162
f 1017 1161 1162
f 1019 1018 1163
f 1018 1162 1163
f 1163 1023 1019
f 1167 1023 1163
f 1020 1177 1164
f 1033 1177 1020
f 1022 1020 1166
f 1020 1164 1166
f 1165 1021 1022
f 1166 1165 1022
f 1023 1167 1168
f 1024 1023 1168
f 1025 1024 1169
f 1024 1168 1169
f 1026 1025 1170
f 1025 1169 1170
f 1027 1026 1171
f 1026 1170 1171
f 1028 1027 1172
f 1027 1171 1172
f 1029 1028 1173
f 1028 1172 1173
f 1030 1029 1174
f 1029 1173 1174
f 1031 1030 1175
f 1030 1174 1175
f 1032 1031 1176
f 1031 1175 1176
f 1034 1032 1178
f 1032 1176 1178
f 1177 1033 1034
f 1178 1177 1034
f 1035 1179 1190
f 1046 1035 1190
f 1036 1180 1035
f 1035 1180 1179
f 1037 1181 1036
f 1036 1181 1180
f 1038 1182 1037
f 1037 1182 1181
f 1039 1183 1038
f 1038 1183 1182
f 1040 1184 1039
f 1039 1184 1183
f 1041 1185 1040
f 1040 1185 1184
f 1042 1186 1041
f 1041 1186 1185
f 1043 1187 1042
f 1042 1187 1186
f 1044 1188 1043
f 1043 1188 1187
f 1188 1044 1048
f 1201 1188 1048
f 1045 1189 1206
f 1052 1045 1206
f 1047 1191 1045
f 1045 1191 1189
f 1190 1047 1046
f 1191 1047 1190
f 1048 1203 1201
f 1049 1203 1048
f 1050 1204 1049
f 1049 1204 1203
f 1051 1205 1050
f 1050 1205 1204
f 1205 1051 1054
f 1222 1205 1054
f 1053 1207 1224
f 1055 1053 1224
f 1206 1053 1052
f 1207 1053 1206
f 1054 1056 1222
f 1222 1056 1240
f 1055 1224 1058
f 1224 1243 1058
f 1056 1242 1240
f 1057 1242 1056
f 1242 1057 1060
f 1261 1242 1060
f 1059 1244 1263
f 1061 1059 1263
f 1243 1059 1058
f 1244 1059 1243
f 1060 1062 1261
f 1261 1062 1281
f 1061 1263 1063
f 1263 1283 1063
f 1062 1064 1281
f 1281 1064 1301
f 1063 1283 1065
f 1283 1303 1065
f 1064 1066 1301
f 1301 1066 1321
f 1065 1303 1067
f 1303 1323 1067
f 1066 1068 1321
f 1321 1068 1341
f 1067 1323 1069
f 1323 1343 1069
f 1068 1070 1341
f 1341 1070 1361
f 1069 1343 1071
f 1343 1363 1071
f 1070 1072 1361
f 1361 1072 1381
f 1071 1363 1073
f 1363 1383 1073
f 1072 1074 1381
f 1381 1074 1401
f 1073 1383 1075
f 1383 1403 1075
f 1074 1076 1401
f 1401 1076 1421
f 1075 1403 1077
f 1403 1423 1077
f 1076 1078 1421
f 1421 1078 1441
f 1077 1423 1079
f 1423 1443 1079
f 1078 1081 1441
f 1441 1081 1462
f 1079 1443 1444
f 1080 1079 1444
f 1444 1082 1080
f 1464 1082 1444
f 1081 1083 1462
f 1462 1083 1481
f 1082 1464 1084
f 1464 1483 1084
f 1083 1085 1481
f 1481 1085 1500
f 1084 1483 1087
f 1483 1503 1087
f 1086 1521 1501
f 1090 1521 1086
f 1500 1085 1086
f 1501 1500 1086
f 1087 1503 1504
f 1088 1087 1504
f 1089 1088 1506
f 1088 1504 1506
f 1506 1092 1089
f 1524 1092 1506
f 1091 1549 1522
f 1105 1549 1091
f 1521 1090 1091
f 1522 1521 1091
f 1092 1524 1525
f 1093 1092 1525
f 1094 1093 1527
f 1093 1525 1527
f 1095 1094 1529
f 1094 1527 1529
f 1096 1095 1531
f 1095 1529 1531
f 1097 1096 1533
f 1096 1531 1533
f 1098 1097 1535
f 1097 1533 1535
f 1099 1098 1537
f 1098 1535 1537
f 1100 1099 1539
f 1099 1537 1539
f 1101 1100 1541
f 1100 1539 1541
f 1102 1101 1543
f 1101 1541 1543
f 1103 1102 1545
f 1102 1543 1545
f 1104 1103 1547
f 1103 1545 1547
f 1106 1104 1550
f 1104 1547 1550
f 1549 1105 1106
f 1550 1549 1106
f 1107 1552 1565
f 1120 1107 1565
f 1108 1553 1107
f 1107 1553 1552
f 1109 1554 1108
f 1108 1554 1553
f 1110 1555 1109
f 1109 1555 1554
f 1111 1556 1110
f 1110 1556 1555
f 1112 1557 1111
f 1111 1557 1556
f 1113 1558 1112
f 1112 1558 1557
f 1114 1559 1113
f 1113 1559 1558
f 1115 1560 1114
f 1114 1560 1559
f 1116 1561 1115
f 1115 1561 1560
f 1117 1562 1116
f 1116 1562 1561
f 1118 1563 1117
f 1117 1563 1562
f 1119 1564 1118
f 1118 1564 1563
f 1564 1119 1122
f 1579 1564 1122
f 1121 1566 1583
f 1125 1121 1583
f 1565 1121 1120
f 1566 1121 1565
f 1122 1581 1579
f 1123 1581 1122
f 1124 1582 1123
f 1123 1582 1581
f 1582 1124 1127
f 1600 1582 1127
f 1126 1584 1602
f 1128 1126 1602
f 1583 1126 1125
f 1584 1126 1583
f 1127 1129 1600
f 1600 1129 1619
f 1128 1602 1130
f 1602 1621 1130
f 1129 1131 1619
f 1619 1131 1638
f 1130 1621 1133
f 1621 1641 1133
f 1131 1640 1638
f 1132 1640 1131
f 1640 1132 1134
f 1659 1640 1134
f 1133 1641 1135
f 1641 1661 1135
f 1134 1136 1659
f 1659 1136 1679
f 1135 1661 1137
f 1661 1681 1137
f 1136 1138 1679
f 1679 1138 1699
f 1137 1681 1139
f 1681 1701 1139
f 1138 1140 1699
f 1699 1140 1719
f 1139 1701 1141
f 1701 1721 1141
f 1140 1142 1719
f 1719 1142 1739
f 1141 1721 1143
f 1721 1741 1143
f 1142 1144 1739
f 1739 1144 1759
f 1143 1741 1145
f 1741 1761 1145
f 1144 1146 1759
f 1759 1146 1779
f 1145 1761 1147
f 1761 1781 1147
f 1146 1148 1779
f 1779 1148 1799
f 1147 1781 1149
f 1781 1801 1149
f 1148 1150 1799
f 1799 1150 1819
f 1149 1801 1151
f 1801 1821 1151
f 1150 1152 1819
f 1819 1152 1839
f 1151 1821 1154
f 1821 1842 1154
f 1153 1860 1840
f 1156 1860 1153
f 1839 1152 1153
f 1840 1839 1153
f 1154 1842 1843
f 1155 1154 1843
f 1843 1157 1155
f 1862 1157 1843
f 1156 1158 1860
f 1860 1158 1878
f 1157 1862 1160
f 1862 1881 1160
f 1159 1900 1879
f 1165 1900 1159
f 1878 1158 1159
f 1879 1878 1159
f 1160 1881 1882
f 1161 1160 1882
f 1162 1161 1884
f 1161 1882 1884
f 1163 1162 1886
f 1162 1884 1886
f 1886 1167 1163
f 1903 1167 1886
f 1164 1922 1898
f 1177 1922 1164
f 1166 1164 1901
f 1164 1898 1901
f 1900 1165 1166
f 1901 1900 1166
f 1167 1903 1904
f 1168 1167 1904
f 1169 1168 1906
f 1168 1904 1906
f 1170 1169 1908
f 1169 1906 1908
f 1171 1170 1910
f 1170 1908 1910
f 1172 1171 1912
f 1171 1910 1912
f 1173 1172 1914
f 1172 1912 1914
f 1174 1173 1916
f 1173 1914 1916
f 1175 1174 1918
f 1174 1916 1918
f 1176 1175 1920
f 1175 1918 1920
f 1178 1176 1923
f 1176 1920 1923
f 1922 1177 1178
f 1923 1922 1178
f 1179 1192 1190
f 1179 1180 1193
f 1192 1179 1193
f 1180 1181 1194
f 1193 1180 1194
f 1181 1182 1195
f 1194 1181 1195
f 1182 1183 1196
f 1195 1182 1196
f 1183 1184 1197
f 1196 1183 1197
f 1184 1185 1198
f 1197 1184 1198
f 1185 1186 1199
f 1198 1185 1199
f 1186 1187 1200
f 1199 1186 1200
f 1187 1188 1202
f 1200 1187 1202
f 1188 1201 1202
f 1189 1208 1206
f 1189 1191 1209
f 1208 1189 1209
f 1191 1190 1192
f 1191 1192 1209
f 1209 1192 1210
f 1193 1211 1192
f 1211 1210 1192
f 1194 1212 1193
f 1212 1211 1193
f 1195 1213 1194
f 1213 1212 1194
f 1196 1214 1195
f 1214 1213 1195
f 1197 1215 1196
f 1215 1214 1196
f 1198 1216 1197
f 1216 1215 1197
f 1199 1217 1198
f 1217 1216 1198
f 1200 1218 1199
f 1218 1217 1199
f 1202 1219 1200
f 1219 1218 1200
f 1201 1203 1220
f 1201 1220 1202
f 1202 1220 1219
f 1203 1204 1221
f 1220 1203 1221
f 1204 1205 1223
f 1221 1204 1223
f 1205 1222 1223
f 1207 1225 1224
f 1207 1206 1208
f 1207 1208 1225
f 1225 1208 1226
f 1209 1227 1208
f 1227 1226 1208
f 1210 1228 1209
f 1228 1227 1209
f 1211 1229 1210
f 1229 1228 1210
f 1212 1230 1211
f 1230 1229 1211
f 1213 1231 1212
f 1231 1230 1212
f 1214 1232 1213
f 1232 1231 1213
f 1215 1233 1214
f 1233 1232 1214
f 1216 1234 1215
f 1234 1233 1215
f 1217 1235 1216
f 1235 1234 1216
f 1218 1236 1217
f 1236 1235 1217
f 1219 1237 1218
f 1237 1236 1218
f 1220 1238 1219
f 1238 1237 1219
f 1221 1239 1220
f 1239 1238 1220
f 1223 1241 1221
f 1241 1239 1221
f 1222 1240 1241
f 1223 1222 1241
f 1225 1245 1243
f 1224 1225 1243
f 1226 1246 1225
f 1246 1245 1225
f 1227 1247 1226
f 1247 1246 1226
f 1228 1248 1227
f 1248 1247 1227
f 1229 1249 1228
f 1249 1248 1228
f 1230 1250 1229
f 1250 1249 1229
f 1231 1251 1230
f 1251 1250 1230
f 1232 1252 1231
f 1252 1251 1231
f 1233 1253 1232
f 1253 1252 1232
f 1234 1254 1233
f 1254 1253 1233
f 1235 1255 1234
f 1255 1254 1234
f 1236 1256 1235
f 1256 1255 1235
f 1237 1257 1236
f 1257 1256 1236
f 1238 1258 1237
f 1258 1257 1237
f 1239 1259 1238
f 1259 1258 1238
f 1241 1260 1239
f 1260 1259 1239
f 1240 1242 1262
f 1240 1262 1241
f 1241 1262 1260
f 1242 1261 1262
f 1244 1264 1263
f 1244 1243 1245
f 1244 1245 1264
f 1264 1245 1265
f 1246 1266 1245
f 1266 1265 1245
f 1247 1267 1246
f 1267 1266 1246
f 1248 1268 1247
f 1268 1267 1247
f 1249 1269 1248
f 1269 1268 1248
f 1250 1270 1249
f 1270 1269 1249
f 1251 1271 1250
f 1271 1270 1250
f 1252 1272 1251
f 1272 1271 1251
f 1253 1273 1252
f 1273 1272 1252
f 1254 1274 1253
f 1274 1273 1253
f 1255 1275 1254
f 1275 1274 1254
f 1256 1276 1255
f 1276 1275 1255
f 1257 1277 1256
f 1277 1276 1256
f 1258 1278 1257
f 1278 1277 1257
f 1259 1279 1258
f 1279 1278 1258
f 1260 1280 1259
f 1280 1279 1259
f 1262 1282 1260
f 1282 1280 1260
f 1261 1281 1282
f 1262 1261 1282
f 1264 1284 1283
f 1263 1264 1283
f 1265 1285 1264
f 1285 1284 1264
f 1266 1286 1265
f 1286 1285 1265
f 1267 1287 1266
f 1287 1286 1266
f 1268 1288 1267
f 1288 1287 1267
f 1269 1289 1268
f 1289 1288 1268
f 1270 1290 1269
f 1290 1289 1269
f 1271 1291 1270
f 1291 1290 1270
f 1272 1292 1271
f 1292 1291 1271
f 1273 1293 1272
f 1293 1292 1272
f 1274 1294 1273
f 1294 1293 1273
f 1275 1295 1274
f 1295 1294 1274
f 1276 1296 1275
f 1296 1295 1275
f 1277 1297 1276
f 1297 1296 1276
f 1278 1298 1277
f 1298 1297 1277
f 1279 1299 1278
f 1299 1298 1278
f 1280 1300 1279
f 1300 1299 1279
f 1282 1302 1280
f 1302 1300 1280
f 1281 1301 1302
f 1282 1281 1302
f 1284 1304 1303
f 1283 1284 1303
f 1285 1305 1284
f 1305 1304 1284
f 1286 1306 1285
f 1306 1305 1285
f 1287 1307 1286
f 1307 1306 1286
f 1288 1308 1287
f 1308 1307 1287
f 1289 1309 1288
f 1309 1308 1288
f 1290 1310 1289
f 1310 1309 1289
f 1291 1311 1290
f 1311 1310 1290
f 1292 1312 1291
f 1312 1311 1291
f 1293 1313 1292
f 1313 1312 1292
f 1294 1314 1293
f 1314 1313 1293
f 1295 1315 1294
f 1315 1314 1294
f 1296 1316 1295
f 1316 1315 1295
f 1297 1317 1296
f 1317 1316 1296
f 1298 1318 1297
f 1318 1317 1297
f 1299 1319 1298
f 1319 1318 1298
f 1300 1320 1299
f 1320 1319 1299
f 1302 1322 1300
f 1322 1320 1300
f 1301 1321 1322
f 1302 1301 1322
f 1304 1324 1323
f 1303 1304 1323
f 1305 1325 1304
f 1325 1324 1304
f 1306 1326 1305
f 1326 1325 1305
f 1307 1327 1306
f 1327 1326 1306
f 1308 1328 1307
f 1328 1327 1307
f 1309 1329 1308
f 1329 1328 1308
f 1310 1330 1309
f 1330 1329 1309
f 1311 1331 1310
f 1331 1330 1310
f 1312 1332 1311
f 1332 1331 1311
f 1313 1333 1312
f 1333 1332 1312
f 1314 1334 1313
f 1334 1333 1313
f 1315 1335 1314
f 1335 1334 1314
f 1316 1336 1315
f 1336 1335 1315
f 1317 1337 1316
f 1337 1336 1316
f 1318 1338 1317
f 1338 1337 1317
f 1319 1339 1318
f 1339 1338 1318
f 1320 1340 1319
f 1340 1339 1319
f 1322 1342 1320
f 1342 1340 1320
f 1321 1341 1342
f 1322 1321 1342
f 1324 1344 1343
f 1323 1324 1343
f 1325 1345 1324
f 1345 1344 1324
f 1326 1346 1325
f 1346 1345 1325
f 1327 1347 1326
f 1347 1346 1326
f 1328 1348 1327
f 1348 1347 1327
f 1329 1349 1328
f 1349 1348 1328
f 1330 1350 1329
f 1350 1349 1329
f 1331 1351 1330
f 1351 1350 1330
f 1332 1352 1331
f 1352 1351 1331
f 1333 1353 1332
f 1353 1352 1332
f 1334 1354 1333
f 1354 1353 1333
f 1335 1355 1334
f 1355 1354 1334
f 1336 1356 1335
f 1356 1355 1335
f 1337 1357 1336
f 1357 1356 1336
f 1338 1358 1337
f 1358 1357 1337
f 1339 1359 1338
f 1359 1358 1338
f 1340 1360 1339
f 1360 1359 1339
f 1342 1362 1340
f 1362 1360 1340
f 1341 1361 1362
f 1342 1341 1362
f 1344 1364 1363
f 1343 1344 1363
f 1345 1365 1344
f 1365 1364 1344
f 1346 1366 1345
f 1366 1365 1345
f 1347 1367 1346
f 1367 1366 1346
f 1348 1368 1347
f 1368 1367 1347
f 1349 1369 1348
f 1369 1368 1348
f 1350 1370 1349
f 1370 1369 1349
f 1351 1371 1350
f 1371 1370 1350
f 1352 1372 1351
f 1372 1371 1351
f 1353 1373 1352
f 1373 1372 1352
f 1354 1374 1353
f 1374 1373 1353
f 1355 1375 1354
f 1375 1374 1354
f 1356 1376 1355
f 1376 1375 1355
f 1357 1377 1356
f 1377 1376 1356
f 1358 1378 1357
f 1378 1377 1357
f 1359 1379 1358
f 1379 1378 1358
f 1360 1380 1359
f 1380 1379 1359
f 1362 1382 1360
f 1382 1380 1360
f 1361 1381 1382
f 1362 1361 1382
f 1364 1384 1383
f 1363 1364 1383
f 1365 1385 1364
f 1385 1384 1364
f 1366 1386 1365
f 1386 1385 1365
f 1367 1387 1366
f 1387 1386 1366
f 1368 1388 1367
f 1388 1387 1367
f 1369 1389 1368
f 1389 1388 1368
f 1370 1390 1369
f 1390 1389 1369
f 1371 1391 1370
f 1391 1390 1370
f 1372 1392 1371
f 1392 1391 1371
f 1373 1393 1372
f 1393 1392 1372
f 1374 1394 1373
f 1394 1393 1373
f 1375 1395 1374
f 1395 1394 1374
f 1376 1396 1375
f 1396 1395 1375
f 1377 1397 1376
f 1397 1396 1376
f 1378 1398 1377
f 1398 1397 1377
f 1379 1399 1378
f 1399 1398 1378
f 1380 1400 1379
f 1400 1399 1379
f 1382 1402 1380
f 1402 1400 1380
f 1381 1401 1402
f 1382 1381 1402
f 1384 1404 1403
f 1383 1384 1403
f 1385 1405 1384
f 1405 1404 1384
f 1386 1406 1385
f 1406 1405 1385
f 1387 1407 1386
f 1407 1406 1386
f 1388 1408 1387
f 1408 1407 1387
f 1389 1409 1388
f 1409 1408 1388
f 1390 1410 1389
f 1410 1409 1389
f 1391 1411 1390
f 1411 1410 1390
f 1392 1412 1391
f 1412 1411 1391
f 1393 1413 1392
f 1413 1412 1392
f 1394 1414 1393
f 1414 1413 1393
f 1395 1415 1394
f 1415 1414 1394
f 1396 1416 1395
f 1416 1415 1395
f 1397 1417 1396
f 1417 1416 1396
f 1398 1418 1397
f 1418 1417 1397
f 1399 1419 1398
f 1419 1418 1398
f 1400 1420 1399
f 1420 1419 1399
f 1402 1422 1400
f 1422 1420 1400
f 1401 1421 1422
f 1402 1401 1422
f 1404 1424 1423
f 1403 1404 1423
f 1405 1425 1404
f 1425 1424 1404
f 1406 1426 1405
f 1426 1425 1405
f 1407 1427 1406
f 1427 1426 1406
f 1408 1428 1407
f 1428 1427 1407
f 1409 1429 1408
f 1429 1428 1408
f 1410 1430 1409
f 1430 1429 1409
f 1411 1431 1410
f 1431 1430 1410
f 1412 1432 1411
f 1432 1431 1411
f 1413 1433 1412
f 1433 1432 1412
f 1414 1434 1413
f 1434 1433 1413
f 1415 1435 1414
f 1435 1434 1414
f 1416 1436 1415
f 1436 1435 1415
f 1417 1437 1416
f 1437 1436 1416
f 1418 1438 1417
f 1438 1437 1417
f 1419 1439 1418
f 1439 1438 1418
f 1420 1440 1419
f 1440 1439 1419
f 1422 1442 1420
f 1442 1440 1420
f 1421 1441 1442
f 1422 1421 1442
f 1424 1445 1443
f 1423 1424 1443
f 1425 1446 1424
f 1446 1445 1424
f 1426 1447 1425
f 1447 1446 1425
f 1427 1448 1426
f 1448 1447 1426
f 1428 1449 1427
f 1449 1448 1427
f 1429 1450 1428
f 1450 1449 1428
f 1430 1451 1429
f 1451 1450 1429
f 1431 1452 1430
f 1452 1451 1430
f 1432 1453 1431
f 1453 1452 1431
f 1433 1454 1432
f 1454 1453 1432
f 1434 1455 1433
f 1455 1454 1433
f 1435 1456 1434
f 1456 1455 1434
f 1436 1457 1435
f 1457 1456 1435
f 1437 1458 1436
f 1458 1457 1436
f 1438 1459 1437
f 1459 1458 1437
f 1439 1460 1438
f 1460 1459 1438
f 1440 1461 1439
f 1461 1460 1439
f 1442 1463 1440
f 1463 1461 1440
f 1441 1462 1463
f 1442 1441 1463
f 1443 1445 1444
f 1464 1444 1445
f 1464 1445 1465
f 1465 1445 1446
f 1447 1466 1446
f 1466 1465 1446
f 1448 1467 1447
f 1467 1466 1447
f 1449 1468 1448
f 1468 1467 1448
f 1450 1469 1449
f 1469 1468 1449
f 1451 1470 1450
f 1470 1469 1450
f 1452 1471 1451
f 1471 1470 1451
f 1453 1472 1452
f 1472 1471 1452
f 1454 1473 1453
f 1473 1472 1453
f 1455 1474 1454
f 1474 1473 1454
f 1456 1475 1455
f 1475 1474 1455
f 1457 1476 1456
f 1476 1475 1456
f 1458 1477 1457
f 1477 1476 1457
f 1459 1478 1458
f 1478 1477 1458
f 1460 1479 1459
f 1479 1478 1459
f 1461 1480 1460
f 1480 1479 1460
f 1463 1482 1461
f 1482 1480 1461
f 1462 1481 1482
f 1463 1462 1482
f 1465 1484 1483
f 1464 1465 1483
f 1466 1485 1465
f 1485 1484 1465
f 1467 1486 1466
f 1486 1485 1466
f 1468 1487 1467
f 1487 1486 1467
f 1469 1488 1468
f 1488 1487 1468
f 1470 1489 1469
f 1489 1488 1469
f 1471 1490 1470
f 1490 1489 1470
f 1472 1491 1471
f 1491 1490 1471
f 1473 1492 1472
f 1492 1491 1472
f 1474 1493 1473
f 1493 1492 1473
f 1475 1494 1474
f 1494 1493 1474
f 1476 1495 1475
f 1495 1494 1475
f 1477 1496 1476
f 1496 1495 1476
f 1478 1497 1477
f 1497 1496 1477
f 1479 1498 1478
f 1498 1497 1478
f 1480 1499 1479
f 1499 1498 1479
f 1482 1502 1480
f 1502 1499 1480
f 1481 1500 1502
f 1482 1481 1502
f 1484 1505 1503
f 1483 1484 1503
f 1485 1507 1484
f 1507 1505 1484
f 1486 1508 1485
f 1508 1507 1485
f 1487 1509 1486
f 1509 1508 1486
f 1488 1510 1487
f 1510 1509 1487
f 1489 1511 1488
f 1511 1510 1488
f 1490 1512 1489
f 1512 1511 1489
f 1491 1513 1490
f 1513 1512 1490
f 1492 1514 1491
f 1514 1513 1491
f 1493 1515 1492
f 1515 1514 1492
f 1494 1516 1493
f 1516 1515 1493
f 1495 1517 1494
f 1517 1516 1494
f 1496 1518 1495
f 1518 1517 1495
f 1497 1519 1496
f 1519 1518 1496
f 1498 1520 1497
f 1520 1519 1497
f 1499 1523 1498
f 1523 1520 1498
f 1501 1521 1523
f 1501 1523 1502
f 1502 1523 1499
f 1500 1501 1502
f 1503 1505 1504
f 1506 1504 1505
f 1507 1506 1505
f 1524 1506 1507
f 1524 1507 1526
f 1526 1507 1508
f 1509 1528 1508
f 1528 1526 1508
f 1510 1530 1509
f 1530 1528 1509
f 1511 1532 1510
f 1532 1530 1510
f 1512 1534 1511
f 1534 1532 1511
f 1513 1536 1512
f 1536 1534 1512
f 1514 1538 1513
f 1538 1536 1513
f 1515 1540 1514
f 1540 1538 1514
f 1516 1542 1515
f 1542 1540 1515
f 1517 1544 1516
f 1544 1542 1516
f 1518 1546 1517
f 1546 1544 1517
f 1519 1548 1518
f 1548 1546 1518
f 1520 1551 1519
f 1551 1548 1519
f 1522 1549 1551
f 1522 1551 1523
f 1523 1551 1520
f 1521 1522 1523
f 1524 1526 1525
f 1527 1525 1526
f 1528 1527 1526
f 1529 1527 1528
f 1530 1529 1528
f 1531 1529 1530
f 1532 1531 1530
f 1533 1531 1532
f 1534 1533 1532
f 1535 1533 1534
f 1536 1535 1534
f 1537 1535 1536
f 1538 1537 1536
f 1539 1537 1538
f 1540 1539 1538
f 1541 1539 1540
f 1542 1541 1540
f 1543 1541 1542
f 1544 1543 1542
f 1545 1543 1544
f 1546 1545 1544
f 1547 1545 1546
f 1548 1547 1546
f 1550 1547 1548
f 1551 1550 1548
f 1549 1550 1551
f 1552 1567 1565
f 1552 1553 1568
f 1567 1552 1568
f 1553 1554 1569
f 1568 1553 1569
f 1554 1555 1570
f 1569 1554 1570
f 1555 1556 1571
f 1570 1555 1571
f 1556 1557 1572
f 1571 1556 1572
f 1557 1558 1573
f 1572 1557 1573
f 1558 1559 1574
f 1573 1558 1574
f 1559 1560 1575
f 1574 1559 1575
f 1560 1561 1576
f 1575 1560 1576
f 1561 1562 1577
f 1576 1561 1577
f 1562 1563 1578
f 1577 1562 1578
f 1563 1564 1580
f 1578 1563 1580
f 1564 1579 1580
f 1566 1585 1583
f 1566 1565 1567
f 1566 1567 1585
f 1585 1567 1586
f 1568 1587 1567
f 1587 1586 1567
f 1569 1588 1568
f 1588 1587 1568
f 1570 1589 1569
f 1589 1588 1569
f 1571 1590 1570
f 1590 1589 1570
f 1572 1591 1571
f 1591 1590 1571
f 1573 1592 1572
f 1592 1591 1572
f 1574 1593 1573
f 1593 1592 1573
f 1575 1594 1574
f 1594 1593 1574
f 1576 1595 1575
f 1595 1594 1575
f 1577 1596 1576
f 1596 1595 1576
f 1578 1597 1577
f 1597 1596 1577
f 1580 1598 1578
f 1598 1597 1578
f 1579 1581 1599
f 1579 1599 1580
f 1580 1599 1598
f 1581 1582 1601
f 1599 1581 1601
f 1582 1600 1601
f 1584 1603 1602
f 1584 1583 1585
f 1584 1585 1603
f 1603 1585 1604
f 1586 1605 1585
f 1605 1604 1585
f 1587 1606 1586
f 1606 1605 1586
f 1588 1607 1587
f 1607 1606 1587
f 1589 1608 1588
f 1608 1607 1588
f 1590 1609 1589
f 1609 1608 1589
f 1591 1610 1590
f 1610 1609 1590
f 1592 1611 1591
f 1611 1610 1591
f 1593 1612 1592
f 1612 1611 1592
f 1594 1613 1593
f 1613 1612 1593
f 1595 1614 1594
f 1614 1613 1594
f 1596 1615 1595
f 1615 1614 1595
f 1597 1616 1596
f 1616 1615 1596
f 1598 1617 1597
f 1617 1616 1597
f 1599 1618 1598
f 1618 1617 1598
f 1601 1620 1599
f 1620 1618 1599
f 1600 1619 1620
f 1601 1600 1620
f 1603 1622 1621
f 1602 1603 1621
f 1604 1623 1603
f 1623 1622 1603
f 1605 1624 1604
f 1624 1623 1604
f 1606 1625 1605
f 1625 1624 1605
f 1607 1626 1606
f 1626 1625 1606
f 1608 1627 1607
f 1627 1626 1607
f 1609 1628 1608
f 1628 1627 1608
f 1610 1629 1609
f 1629 1628 1609
f 1611 1630 1610
f 1630 1629 1610
f 1612 1631 1611
f 1631 1630 1611
f 1613 1632 1612
f 1632 1631 1612
f 1614 1633 1613
f 1633 1632 1613
f 1615 1634 1614
f 1634 1633 1614
f 1616 1635 1615
f 1635 1634 1615
f 1617 1636 1616
f 1636 1635 1616
f 1618 1637 1617
f 1637 1636 1617
f 1620 1639 1618
f 1639 1637 1618
f 1619 1638 1639
f 1620 1619 1639
f 1622 1642 1641
f 1621 1622 1641
f 1623 1643 1622
f 1643 1642 1622
f 1624 1644 1623
f 1644 1643 1623
f 1625 1645 1624
f 1645 1644 1624
f 1626 1646 1625
f 1646 1645 1625
f 1627 1647 1626
f 1647 1646 1626
f 1628 1648 1627
f 1648 1647 1627
f 1629 1649 1628
f 1649 1648 1628
f 1630 1650 1629
f 1650 1649 1629
f 1631 1651 1630
f 1651 1650 1630
f 1632 1652 1631
f 1652 1651 1631
f 1633 1653 1632
f 1653 1652 1632
f 1634 1654 1633
f 1654 1653 1633
f 1635 1655 1634
f 1655 1654 1634
f 1636 1656 1635
f 1656 1655 1635
f 1637 1657 1636
f 1657 1656 1636
f 1639 1658 1637
f 1658 1657 1637
f 1638 1640 1660
f 1638 1660 1639
f 1639 1660 1658
f 1640 1659 1660
f 1642 1662 1661
f 1641 1642 1661
f 1643 1663 1642
f 1663 1662 1642
f 1644 1664 1643
f 1664 1663 1643
f 1645 1665 1644
f 1665 1664 1644
f 1646 1666 1645
f 1666 1665 1645
f 1647 1667 1646
f 1667 1666 1646
f 1648 1668 1647
f 1668 1667 1647
f 1649 1669 1648
f 1669 1668 1648
f 1650 1670 1649
f 1670 1669 1649
f 1651 1671 1650
f 1671 1670 1650
f 1652 1672 1651
f 1672 1671 1651
f 1653 1673 1652
f 1673 1672 1652
f 1654 1674 1653
f 1674 1673 1653
f 1655 1675 1654
f 1675 1674 1654
f 1656 1676 1655
f 1676 1675 1655
f 1657 1677 1656
f 1677 1676 1656
f 1658 1678 1657
f 1678 1677 1657
f 1660 1680 1658
f 1680 1678 1658
f 1659 1679 1680
f 1660 1659 1680
f 1662 1682 1681
f 1661 1662 1681
f 1663 1683 1662
f 1683 1682 1662
f 1664 1684 1663
f 1684 1683 1663
f 1665 1685 1664
f 1685 1684 1664
f 1666 1686 1665
f 1686 1685 1665
f 1667 1687 1666
f 1687 1686 1666
f 1668 1688 1667
f 1688 1687 1667
f 1669 1689 1668
f 1689 1688 1668
f 1670 1690 1669
f 1690 1689 1669
f 1671 1691 1670
f 1691 1690 1670
f 1672 1692 1671
f 1692 1691 1671
f 1673 1693 1672
f 1693 1692 1672
f 1674 1694 1673
f 1694 1693 1673
f 1675 1695 1674
f 1695 1694 1674
f 1676 1696 1675
f 1696 1695 1675
f 1677 1697 1676
f 1697 1696 1676
f 1678 1698 1677
f 1698 1697 1677
f 1680 1700 1678
f 1700 1698 1678
f 1679 1699 1700
f 1680 1679 1700
f 1682 1702 1701
f 1681 1682 1701
f 1683 1703 1682
f 1703 1702 1682
f 1684 1704 1683
f 1704 1703 1683
f 1685 1705 1684
f 1705 1704 1684
f 1686 1706 1685
f 1706 1705 1685
f 1687 1707 1686
f 1707 1706 1686
f 1688 1708 1687
f 1708 1707 1687
f 1689 1709 1688
f 1709 1708 1688
f 1690 1710 1689
f 1710 1709 1689
f 1691 1711 1690
f 1711 1710 1690
f 1692 1712 1691
f 1712 1711 1691
f 1693 1713 1692
f 1713 1712 1692
f 1694 1714 1693
f 1714 1713 1693
f 1695 1715 1694
f 1715 1714 1694
f 1696 1716 1695
f 1716 1715 1695
f 1697 1717 1696
f 1717 1716 1696
f 1698 1718 1697
f 1718 1717 1697
f 1700 1720 1698
f 1720 1718 1698
f 1699 1719 1720
f 1700 1699 1720
f 1702 1722 1721
f 1701 1702 1721
f 1703 1723 1702
f 1723 1722 1702
f 1704 1724 1703
f 1724 1723 1703
f 1705 1725 1704
f 1725 1724 1704
f 1706 1726 1705
f 1726 1725 1705
f 1707 1727 1706
f 1727 1726 1706
f 1708 1728 1707
f 1728 1727 1707
f 1709 1729 1708
f 1729 1728 1708
f 1710 1730 1709
f 1730 1729 1709
f 1711 1731 1710
f 1731 1730 1710
f 1712 1732 1711
f 1732 1731 1711
f 1713 1733 1712
f 1733 1732 1712
f 1714 1734 1713
f 1734 1733 1713
f 1715 1735 1714
f 1735 1734 1714
f 1716 1736 1715
f 1736 1735 1715
f 1717 1737 1716
f 1737 1736 1716
f 1718 1738 1717
f 1738 1737 1717
f 1720 1740 1718
f 1740 1738 1718
f 1719 1739 1740
f 1720 1719 1740
f 1722 1742 1741
f 1721 1722 1741
f 1723 1743 1722
f 1743 1742 1722
f 1724 1744 1723
f 1744 1743 1723
f 1725 1745 1724
f 1745 1744 1724
f 1726 1746 1725
f 1746 1745 1725
f 1727 1747 1726
f 1747 1746 1726
f 1728 1748 1727
f 1748 1747 1727
f 1729 1749 1728
f 1749 1748 1728
f 1730 1750 1729
f 1750 1749 1729
f 1731 1751 1730
f 1751 1750 1730
f 1732 1752 1731
f 1752 1751 1731
f 1733 1753 1732
f 1753 1752 1732
f 1734 1754 1733
f 1754 1753 1733
f 1735 1755 1734
f 1755 1754 1734
f 1736 1756 1735
f 1756 1755 1735
f 1737 1757 1736
f 1757 1756 1736
f 1738 1758 1737
f 1758 1757 1737
f 1740 1760 1738
f 1760 1758 1738
f 1739 1759 1760
f 1740 1739 1760
f 1742 1762 1761
f 1741 1742 1761
f 1743 1763 1742
f 1763 1762 1742
f 1744 1764 1743
f 1764 1763 1743
f 1745 1765 1744
f 1765 1764 1744
f 1746 1766 1745
f 1766 1765 1745
f 1747 1767 1746
f 1767 1766 1746
f 1748 1768 1747
f 1768 1767 1747
f 1749 1769 1748
f 1769 1768 1748
f 1750 1770 1749
f 1770 1769 1749
f 1751 1771 1750
f 1771 1770 1750
f 1752 1772 1751
f 1772 1771 1751
f 1753 1773 1752
f 1773 1772 1752
f 1754 1774 1753
f 1774 1773 1753
f 1755 1775 1754
f 1775 1774 1754
f 1756 1776 1755
f 1776 1775 1755
f 1757 1777 1756
f 1777 1776 1756
f 1758 1778 1757
f 1778 1777 1757
f 1760 1780 1758
f 1780 1778 1758
f 1759 1779 1780
f 1760 1759 1780
f 1762 1782 1781
f 1761 1762 1781
f 1763 1783 1762
f 1783 1782 1762
f 1764 1784 1763
f 1784 1783 1763
f 1765 1785 1764
f 1785 1784 1764
f 1766 1786 1765
f 1786 1785 1765
f 1767 1787 1766
f 1787 1786 1766
f 1768 1788 1767
f 1788 1787 1767
f 1769 1789 1768
f 1789 1788 1768
f 1770 1790 1769
f 1790 1789 1769
f 1771 1791 1770
f 1791 1790 1770
f 1772 1792 1771
f 1792 1791 1771
f 1773 1793 1772
f 1793 1792 1772
f 1774 1794 1773
f 1794 1793 1773
f 1775 1795 1774
f 1795 1794 1774
f 1776 1796 1775
f 1796 1795 1775
f 1777 1797 1776
f 1797 1796 1776
f 1778 1798 1777
f 1798 1797 1777
f 1780 1800 1778
f 1800 1798 1778
f 1779 1799 1800
f 1780 1779 1800
f 1782 1802 1801
f 1781 1782 1801
f 1783 1803 1782
f 1803 1802 1782
f 1784 1804 1783
f 1804 1803 1783
f 1785 1805 1784
f 1805 1804 1784
f 1786 1806 1785
f 1806 1805 1785
f 1787 1807 1786
f 1807 1806 1786
f 1788 1808 1787
f 1808 1807 1787
f 1789 1809 1788
f 1809 1808 1788
f 1790 1810 1789
f 1810 1809 1789
f 1791 1811 1790
f 1811 1810 1790
f 1792 1812 1791
f 1812 1811 1791
f 1793 1813 1792
f 1813 1812 1792
f 1794 1814 1793
f 1814 1813 1793
f 1795 1815 1794
f 1815 1814 1794
f 1796 1816 1795
f 1816 1815 1795
f 1797 1817 1796
f 1817 1816 1796
f 1798 1818 1797
f 1818 1817 1797
f 1800 1820 1798
f 1820 1818 1798
f 1799 1819 1820
f 1800 1799 1820
f 1802 1822 1821
f 1801 1802 1821
f 1803 1823 1802
f 1823 1822 1802
f 1804 1824 1803
f 1824 1823 1803
f 1805 1825 1804
f 1825 1824 1804
f 1806 1826 1805
f 1826 1825 1805
f 1807 1827 1806
f 1827 1826 1806
f 1808 1828 1807
f 1828 1827 1807
f 1809 1829 1808
f 1829 1828 1808
f 1810 1830 1809
f 1830 1829 1809
f 1811 1831 1810
f 1831 1830 1810
f 1812 1832 1811
f 1832 1831 1811
f 1813 1833 1812
f 1833 1832 1812
f 1814 1834 1813
f 1834 1833 1813
f 1815 1835 1814
f 1835 1834 1814
f 1816 1836 1815
f 1836 1835 1815
f 1817 1837 1816
f 1837 1836 1816
f 1818 1838 1817
f 1838 1837 1817
f 1820 1841 1818
f 1841 1838 1818
f 1819 1839 1841
f 1820 1819 1841
f 1822 1844 1842
f 1821 1822 1842
f 1823 1845 1822
f 1845 1844 1822
f 1824 1846 1823
f 1846 1845 1823
f 1825 1847 1824
f 1847 1846 1824
f 1826 1848 1825
f 1848 1847 1825
f 1827 1849 1826
f 1849 1848 1826
f 1828 1850 1827
f 1850 1849 1827
f 1829 1851 1828
f 1851 1850 1828
f 1830 1852 1829
f 1852 1851 1829
f 1831 1853 1830
f 1853 1852 1830
f 1832 1854 1831
f 1854 1853 1831
f 1833 1855 1832
f 1855 1854 1832
f 1834 1856 1833
f 1856 1855 1833
f 1835 1857 1834
f 1857 1856 1834
f 1836 1858 1835
f 1858 1857 1835
f 1837 1859 1836
f 1859 1858 1836
f 1838 1861 1837
f 1861 1859 1837
f 1840 1860 1861
f 1840 1861 1841
f 1841 1861 1838
f 1839 1840 1841
f 1842 1844 1843
f 1862 1843 1844
f 1862 1844 1863
f 1863 1844 1845
f 1846 1864 1845
f 1864 1863 1845
f 1847 1865 1846
f 1865 1864 1846
f 1848 1866 1847
f 1866 1865 1847
f 1849 1867 1848
f 1867 1866 1848
f 1850 1868 1849
f 1868 1867 1849
f 1851 1869 1850
f 1869 1868 1850
f 1852 1870 1851
f 1870 1869 1851
f 1853 1871 1852
f 1871 1870 1852
f 1854 1872 1853
f 1872 1871 1853
f 1855 1873 1854
f 1873 1872 1854
f 1856 1874 1855
f 1874 1873 1855
f 1857 1875 1856
f 1875 1874 1856
f 1858 1876 1857
f 1876 1875 1857
f 1859 1877 1858
f 1877 1876 1858
f 1861 1880 1859
f 1880 1877 1859
f 1860 1878 1880
f 1861 1860 1880
f 1863 1883 1881
f 1862 1863 1881
f 1864 1885 1863
f 1885 1883 1863
f 1865 1887 1864
f 1887 1885 1864
f 1866 1888 1865
f 1888 1887 1865
f 1867 1889 1866
f 1889 1888 1866
f 1868 1890 1867
f 1890 1889 1867
f 1869 1891 1868
f 1891 1890 1868
f 1870 1892 1869
f 1892 1891 1869
f 1871 1893 1870
f 1893 1892 1870
f 1872 1894 1871
f 1894 1893 1871
f 1873 1895 1872
f 1895 1894 1872
f 1874 1896 1873
f 1896 1895 1873
f 1875 1897 1874
f 1897 1896 1874
f 1876 1899 1875
f 1899 1897 1875
f 1877 1902 1876
f 1902 1899 1876
f 1879 1900 1902
f 1879 1902 1880
f 1880 1902 1877
f 1878 1879 1880
f 1881 1883 1882
f 1884 1882 1883
f 1885 1884 1883
f 1886 1884 1885
f 1887 1886 1885
f 1903 1886 1887
f 1903 1887 1905
f 1905 1887 1888
f 1889 1907 1888
f 1907 1905 1888
f 1890 1909 1889
f 1909 1907 1889
f 1891 1911 1890
f 1911 1909 1890
f 1892 1913 1891
f 1913 1911 1891
f 1893 1915 1892
f 1915 1913 1892
f 1894 1917 1893
f 1917 1915 1893
f 1895 1919 1894
f 1919 1917 1894
f 1896 1921 1895
f 1921 1919 1895
f 1897 1924 1896
f 1924 1921 1896
f 1898 1922 1924
f 1898 1924 1899
f 1899 1924 1897
f 1901 1898 1899
f 1902 1901 1899
f 1900 1901 1902
f 1903 1905 1904
f 1906 1904 1905
f 1907 1906 1905
f 1908 1906 1907
f 1909 1908 1907
f 1910 1908 1909
f 1911 1910 1909
f 1912 1910 1911
f 1913 1912 1911
f 1914 1912 1913
f 1915 1914 1913
f 1916 1914 1915
f 1917 1916 1915
f 1918 1916 1917
f 1919 1918 1917
f 1920 1918 1919
f 1921 1920 1919
f 1923 1920 1921
f 1924 1923 1921
f 1922 1923 1924

